INSERT INTO `common_notification_subscription_type`(`id`, `name`, `status`) VALUES (9, 'Credit Card Statements', 'A');

INSERT INTO `common_notification_subscription_event`(`id`, `event`, `enable_notification`, `enable_email`, `status`, `subscription_type_id`) VALUES (28, 'Your credit transaction list has been uploaded to the system', 1, 0, 'A', 9);

INSERT INTO `common_notification_message`(`id`, `notification_type_name`, `notification_type_id`, `notification_message`, `clickable`, `event_id`) VALUES (27, 'Credit card statement', 9, 'Your credit transaction list has been uploaded to the system', 1, 28);

INSERT INTO `common_notification_subscription_event`(`id`, `event`, `enable_notification`, `enable_email`, `status`, `subscription_type_id`) VALUES (29, 'Transaction(s) submitted for your approval', 1, 1, 'A', 9);

INSERT INTO `common_notification_email_template`(`id`, `template_name`, `subject`, `template_data`, `event_id`, `status`, `created_by`, `created_on`) VALUES (33, 'TRANSACTION_SUBMITTED_DIRECT_APPROVER', 'SUBMITTED_BY has submitted credit transaction(s) for your approval', '<html>\r\n    <head>\r\n        <meta charset=\"UTF-8\">\r\n        <meta name=\"viewport\" content=\"width=device-width, initial-scale=1.0\">\r\n    </head>\r\n    <body>\r\n        <table style=\"color: #207580;\">\r\n            <tr>\r\n                <td style=\"font-weight: bold\">Dear <span id=\"EMAIL_SEND_TO\">name of assigned approver</span>,</td>\r\n            </tr>\r\n            <tr> <td></td> </tr>\r\n            <tr><td></td></tr>\r\n            <tr><td></td></tr>\r\n            <tr><td></td></tr>\r\n            <tr><td></td></tr>\r\n            <tr style=\"margin-left: 250px\">\r\n                <td><ul></ul><ul></ul> <span id=\"SUBMITTED_BY\" > </span>  has submitted credit transaction(s) for your approval.</td>\r\n            </tr>\r\n			<tr><td></td></tr>\r\n			<tr><td></td></tr>\r\n			<td>Please log in to <a id=\"URL\" href=\"\">PaperTrl</a> <span id=\"ACCOUNT_NAME\"></span> to Approve or Reject the tansaction(s).</td>\r\n            <tr><td></td></tr>\r\n            <tr><td></td></tr>\r\n            <tr><td></td></tr>\r\n            <tr>\r\n                <td>If you have any comments or questions, please do not hesitate to contact us at <span style=\"font-weight: bold\"><a href=\"mailto:support@papertrl.com\">support@papertrl.com.</a></span></td>\r\n            </tr>\r\n            <tr><td></td></tr>\r\n            <tr><td></td></tr>\r\n            <tr><td></td></tr>\r\n            <tr><td></td></tr>\r\n            <tr><td></td></tr>\r\n            <tr><td></td></tr>\r\n            <tr style=\"margin-top: 65px\">\r\n                <td>\r\n                    <span style=\"font-weight: bold\"><ul></ul><ul></ul><ul></ul><ul></ul>Thank You!</span>\r\n                </td>\r\n            </tr>\r\n            <tr>\r\n                <td>\r\n                    <img style=\"width: 170px;height: 45px;\" src=\"https://papertrl.com/wp-content/uploads/2019/09/logo.png\"/>\r\n                </td>\r\n            </tr>\r\n            <tr>\r\n                <td>This email is an automated notification, Replies to this message will not be read or responded to. We\'re happy to help you with any questions or concerns you may have. Please contact us directly 24/7 via <span style=\"font-weight: bold\">support@papertrl.com</span>\r\n                    <p class=\"MsoNormal\"><span style=\"font-size:8.0pt;color:#207580\">CONFIDENTIALITY NOTICE: This e-mail transmission, and any attachments, is intended only for the use of PaperTrl Inc. or recipient named above and may contain information that\r\n                            is confidential, privileged and exempt from disclosure under applicable law. If you are not the intended recipient or authorized to receive this message for the recipient, you must not use, copy, disclose or take any action based on this message or any information\r\n                            herein. If you have received this message in error, please advise the sender immediately.</span><span style=\"font-size:8.0pt;color:#014708\"></span></p>\r\n                    <p><span style=\"font-size:18.0pt;font-family:Webdings;color:green\">P</span><span style=\"color:black\">\r\n                        </span><span style=\"font-size:10.0pt;font-family:&quot;Helvetica&quot;,sans-serif;color:green\">Be Environmentally Responsible. Please don\'t print this e-mail unless you really need to.</span><u></u><u></u></p>\r\n                </td>\r\n            </tr>\r\n        </table>\r\n    </body>\r\n</html>', 29, 'A', 'admin', '2022-06-02');

INSERT INTO `common_notification_message`(`id`, `notification_type_name`, `notification_type_id`, `notification_message`, `clickable`, `event_id`) VALUES (28, 'Credit card statement', 9, 'has submitted credit transaction(s) for your approval', 1, 29);

INSERT INTO `common_notification_subscription_event`(`id`, `event`, `enable_notification`, `enable_email`, `status`, `subscription_type_id`) VALUES (30, 'There are no users in an assigned approval group', 1, 1, 'A', 9);

INSERT INTO `common_notification_email_template`(`id`, `template_name`, `subject`, `template_data`, `event_id`, `status`, `created_by`, `created_on`) VALUES (34, 'TRANSACTION_ASSIGNEE_LIST_EMPTY', 'No users found in the approval group to approve', '<html>\r\n    <head>\r\n        <meta charset=\"UTF-8\">\r\n        <meta name=\"viewport\" content=\"width=device-width, initial-scale=1.0\">\r\n    </head>\r\n    <body>\r\n        <table style=\"color: #207580;\">\r\n            <tr>\r\n                <td style=\"font-weight: bold\">Dear <span id=\"EMAIL_SEND_TO\">User\'s Name</span>,</td>\r\n            </tr>\r\n            <tr> <td></td> </tr>\r\n            <tr><td></td></tr>\r\n            <tr><td></td></tr>\r\n            <tr><td></td></tr>\r\n            <tr><td></td></tr>\r\n            <tr style=\"margin-left: 250px\">\r\n                <td><ul></ul><ul></ul><span id=\"CREATED_BY\"></span>has submitted credit transaction(s) for the approval of <span id=\"APPROVAL_GROUP\">Project Manager</span> approval group, But there is no user found in this approval group. </td>\r\n            </tr>\r\n            <tr><td></td></tr>\r\n            <tr><td></td></tr>\r\n            <tr><td></td></tr>\r\n            <tr>\r\n                <td>If you have any comments or questions, please do not hesitate to contact us at <span style=\"font-weight: bold\"><a href=\"mailto:support@papertrl.com\">support@papertrl.com</a></span></td>\r\n            </tr>\r\n            <tr><td></td></tr>\r\n            <tr><td></td></tr>\r\n            <tr><td></td></tr>\r\n            <tr><td></td></tr>\r\n            <tr><td></td></tr>\r\n            <tr><td></td></tr>\r\n            <tr style=\"margin-top: 65px\">\r\n                <td>\r\n                    <span style=\"font-weight: bold\"><ul></ul><ul></ul><ul></ul><ul></ul>Thank You!</span>\r\n                </td>\r\n            </tr>\r\n            <tr>\r\n                <td>\r\n                    <img style=\"width: 170px;height: 45px;\" src=\"https://papertrl.com/wp-content/uploads/2019/09/logo.png\"/>\r\n                </td>\r\n            </tr>\r\n            <tr>\r\n                <td>This email is an automated notification, Replies to this message will not be read or responded to. We\'re happy to help you with any questions or concerns you may have. Please contact us directly 24/7 via <span style=\"font-weight: bold\">support@papertrl.com</span>\r\n                    <p class=\"MsoNormal\"><span style=\"font-size:8.0pt;color:#207580\">CONFIDENTIALITY NOTICE: This e-mail transmission, and any attachments, is intended only for the use of PaperTrl Inc. or recipient named above and may contain information that\r\n                            is confidential, privileged and exempt from disclosure under applicable law. If you are not the intended recipient or authorized to receive this message for the recipient, you must not use, copy, disclose or take any action based on this message or any information\r\n                            herein. If you have received this message in error, please advise the sender immediately.</span><span style=\"font-size:8.0pt;color:#014708\"></span></p>\r\n                    <p><span style=\"font-size:18.0pt;font-family:Webdings;color:green\">P</span><span style=\"color:black\">\r\n                        </span><span style=\"font-size:10.0pt;font-family:&quot;Helvetica&quot;,sans-serif;color:green\">Be Environmentally Responsible. Please don\'t print this e-mail unless you really need to.</span><u></u><u></u></p>\r\n                </td>\r\n            </tr>\r\n        </table>\r\n    </body>\r\n</html>', 30, 'A', 'admin', '2022-06-02');

INSERT INTO `common_notification_subscription_event`(`id`, `event`, `enable_notification`, `enable_email`, `status`, `subscription_type_id`) VALUES (31, 'Transaction(s) submitted for your approval group', 1, 1, 'A', 9);

INSERT INTO `common_notification_email_template`(`id`, `template_name`, `subject`, `template_data`, `event_id`, `status`, `created_by`, `created_on`, `update_by`, `update_on`, `delete_by`, `delete_on`) VALUES (35, 'TRANSACTION_SUBMITTED_TO_APPROVAL_GROUP', 'SUBMITTED_BY has submitted credit transaction(s) for your approval', '<html>\r\n    <head>\r\n        <meta charset=\"UTF-8\">\r\n        <meta name=\"viewport\" content=\"width=device-width, initial-scale=1.0\">\r\n    </head>\r\n    <body>\r\n        <table style=\"color: #207580;\">\r\n            <tr>\r\n                <td style=\"font-weight: bold\">Dear <span id=\"EMAIL_SEND_TO\">name of assigned approver</span>,</td>\r\n            </tr>\r\n            <tr> <td></td> </tr>\r\n            <tr><td></td></tr>\r\n            <tr><td></td></tr>\r\n            <tr><td></td></tr>\r\n            <tr><td></td></tr>\r\n            <tr style=\"margin-left: 250px\">\r\n                <td><ul></ul><ul></ul><span id=\"CREATED_BY\"></span> has submitted credit transaction(s) for the approval of <span id=\"APPROVAL_GROUP\">Project Manager</span> Approval Group. </td>\r\n            </tr>\r\n			<tr><td></td></tr>\r\n			<tr><td></td></tr>\r\n			<td>Please log in to <a id=\"URL\" href=\"\">PaperTrl</a> <span id=\"ACCOUNT_NAME\"></span> to Approve or Reject the tansaction(s).</td>\r\n            <tr><td></td></tr>\r\n            <tr><td></td></tr>\r\n            <tr><td></td></tr>\r\n            <tr>\r\n                <td>If you have any comments or questions, please do not hesitate to contact us at <span style=\"font-weight: bold\"><a href=\"mailto:support@papertrl.com\">support@papertrl.com.</a></span></td>\r\n            </tr>\r\n            <tr><td></td></tr>\r\n            <tr><td></td></tr>\r\n            <tr><td></td></tr>\r\n            <tr><td></td></tr>\r\n            <tr><td></td></tr>\r\n            <tr><td></td></tr>\r\n            <tr style=\"margin-top: 65px\">\r\n                <td>\r\n                    <span style=\"font-weight: bold\"><ul></ul><ul></ul><ul></ul><ul></ul>Thank You!</span>\r\n                </td>\r\n            </tr>\r\n            <tr>\r\n                <td>\r\n                    <img style=\"width: 170px;height: 45px;\" src=\"https://papertrl.com/wp-content/uploads/2019/09/logo.png\"/>\r\n                </td>\r\n            </tr>\r\n            <tr>\r\n                <td>This email is an automated notification, Replies to this message will not be read or responded to. We\'re happy to help you with any questions or concerns you may have. Please contact us directly 24/7 via <span style=\"font-weight: bold\">support@papertrl.com</span>\r\n                    <p class=\"MsoNormal\"><span style=\"font-size:8.0pt;color:#207580\">CONFIDENTIALITY NOTICE: This e-mail transmission, and any attachments, is intended only for the use of PaperTrl Inc. or recipient named above and may contain information that\r\n                            is confidential, privileged and exempt from disclosure under applicable law. If you are not the intended recipient or authorized to receive this message for the recipient, you must not use, copy, disclose or take any action based on this message or any information\r\n                            herein. If you have received this message in error, please advise the sender immediately.</span><span style=\"font-size:8.0pt;color:#014708\"></span></p>\r\n                    <p><span style=\"font-size:18.0pt;font-family:Webdings;color:green\">P</span><span style=\"color:black\">\r\n                        </span><span style=\"font-size:10.0pt;font-family:&quot;Helvetica&quot;,sans-serif;color:green\">Be Environmentally Responsible. Please don\'t print this e-mail unless you really need to.</span><u></u><u></u></p>\r\n                </td>\r\n            </tr>\r\n        </table>\r\n    </body>\r\n</html>', 31, 'A', 'admin', '2022-06-02', NULL, NULL, NULL, NULL);

INSERT INTO `common_notification_subscription_event`(`id`, `event`, `enable_notification`, `enable_email`, `status`, `subscription_type_id`) VALUES (32, 'Transaction(s) you submitted is rejected', 1, 1, 'A', 9);

INSERT INTO `common_notification_email_template`(`id`, `template_name`, `subject`, `template_data`, `event_id`, `status`, `created_by`, `created_on`) VALUES (36, 'TRANSACTION_REJECTED', 'Your credit transaction(s) has been rejected by APPROVER_NAME', '<html>\r\n    <head>\r\n        <meta charset=\"UTF-8\">\r\n        <meta name=\"viewport\" content=\"width=device-width, initial-scale=1.0\">\r\n    </head>\r\n    <body>\r\n        <table style=\"color: #207580;\">\r\n            <tr>\r\n                <td style=\"font-weight: bold\">Dear <span id=\"EMAIL_SEND_TO\">name of uploader</span>,</td>\r\n            </tr>\r\n            <tr> <td></td> </tr>\r\n            <tr><td></td></tr>\r\n            <tr><td></td></tr>\r\n            <tr><td></td></tr>\r\n            <tr><td></td></tr>\r\n            <tr style=\"margin-left: 250px\">\r\n                <td><ul></ul><ul></ul>Your credit transaction(s) has been rejected by <span id=\"APPROVER_NAME\" > Assigned approver </span> due to <span style=\"color:red\" id=\"REASON\"> Reject Reason </span>. </td>\r\n            </tr>\r\n            <tr><td></td></tr>\r\n            <tr><td></td></tr>\r\n            <tr><td></td></tr>\r\n            <tr>\r\n                <td>If you have any comments or questions, please do not hesitate to contact us at <span style=\"font-weight: bold\"><a href=\"mailto:support@papertrl.com\">support@papertrl.com.</a></span></td>\r\n            </tr>\r\n            <tr><td></td></tr>\r\n            <tr><td></td></tr>\r\n            <tr><td></td></tr>\r\n            <tr><td></td></tr>\r\n            <tr><td></td></tr>\r\n            <tr><td></td></tr>\r\n            <tr style=\"margin-top: 65px\">\r\n                <td>\r\n                    <span style=\"font-weight: bold\"><ul></ul><ul></ul><ul></ul><ul></ul>Thank You!</span>\r\n                </td>\r\n            </tr>\r\n            <tr>\r\n                <td>\r\n                    <img style=\"width: 170px;height: 45px;\" src=\"https://papertrl.com/wp-content/uploads/2019/09/logo.png\"/>\r\n                </td>\r\n            </tr>\r\n            <tr>\r\n                <td>This email is an automated notification, Replies to this message will not be read or responded to. We\'re happy to help you with any questions or concerns you may have. Please contact us directly 24/7 via <span style=\"font-weight: bold\">support@papertrl.com</span>\r\n                    <p class=\"MsoNormal\"><span style=\"font-size:8.0pt;color:#207580\">CONFIDENTIALITY NOTICE: This e-mail transmission, and any attachments, is intended only for the use of PaperTrl Inc. or recipient named above and may contain information that\r\n                            is confidential, privileged and exempt from disclosure under applicable law. If you are not the intended recipient or authorized to receive this message for the recipient, you must not use, copy, disclose or take any action based on this message or any information\r\n                            herein. If you have received this message in error, please advise the sender immediately.</span><span style=\"font-size:8.0pt;color:#014708\"></span></p>\r\n                    <p><span style=\"font-size:18.0pt;font-family:Webdings;color:green\">P</span><span style=\"color:black\">\r\n                        </span><span style=\"font-size:10.0pt;font-family:&quot;Helvetica&quot;,sans-serif;color:green\">Be Environmentally Responsible. Please don\'t print this e-mail unless you really need to.</span><u></u><u></u></p>\r\n                </td>\r\n            </tr>\r\n        </table>\r\n    </body>\r\n</html>', 32, 'A', 'admin', '2022-06-02');

INSERT INTO `common_notification_email_template`(`id`, `template_name`, `subject`, `template_data`, `event_id`, `status`, `created_by`, `created_on`) VALUES (37, 'BULK_TRANSACTION_REJECTED', 'Your credit transaction(s) has been rejected by APPROVER_NAME', '<html>\r\n    <head>\r\n        <meta charset=\"UTF-8\">\r\n        <meta name=\"viewport\" content=\"width=device-width, initial-scale=1.0\">\r\n    </head>\r\n    <body>\r\n        <table style=\"color: #207580;\">\r\n            <tr>\r\n                <td style=\"font-weight: bold\">Dear <span id=\"EMAIL_SEND_TO\">name of uploader</span>,</td>\r\n            </tr>\r\n            <tr> <td></td> </tr>\r\n            <tr><td></td></tr>\r\n            <tr><td></td></tr>\r\n            <tr><td></td></tr>\r\n            <tr><td></td></tr>\r\n            <tr style=\"margin-left: 250px\">\r\n                <td><ul></ul><ul></ul>Your credit transaction(s) has been rejected by <span id=\"APPROVER_NAME\" > Assigned approver </span>. </td>\r\n            </tr>\r\n            <tr><td></td></tr>\r\n            <tr><td></td></tr>\r\n            <tr><td></td></tr>\r\n            <tr>\r\n                <td>If you have any comments or questions, please do not hesitate to contact us at <span style=\"font-weight: bold\"><a href=\"mailto:support@papertrl.com\">support@papertrl.com.</a></span></td>\r\n            </tr>\r\n            <tr><td></td></tr>\r\n            <tr><td></td></tr>\r\n            <tr><td></td></tr>\r\n            <tr><td></td></tr>\r\n            <tr><td></td></tr>\r\n            <tr><td></td></tr>\r\n            <tr style=\"margin-top: 65px\">\r\n                <td>\r\n                    <span style=\"font-weight: bold\"><ul></ul><ul></ul><ul></ul><ul></ul>Thank You!</span>\r\n                </td>\r\n            </tr>\r\n            <tr>\r\n                <td>\r\n                    <img style=\"width: 170px;height: 45px;\" src=\"https://papertrl.com/wp-content/uploads/2019/09/logo.png\"/>\r\n                </td>\r\n            </tr>\r\n            <tr>\r\n                <td>This email is an automated notification, Replies to this message will not be read or responded to. We\'re happy to help you with any questions or concerns you may have. Please contact us directly 24/7 via <span style=\"font-weight: bold\">support@papertrl.com</span>\r\n                    <p class=\"MsoNormal\"><span style=\"font-size:8.0pt;color:#207580\">CONFIDENTIALITY NOTICE: This e-mail transmission, and any attachments, is intended only for the use of PaperTrl Inc. or recipient named above and may contain information that\r\n                            is confidential, privileged and exempt from disclosure under applicable law. If you are not the intended recipient or authorized to receive this message for the recipient, you must not use, copy, disclose or take any action based on this message or any information\r\n                            herein. If you have received this message in error, please advise the sender immediately.</span><span style=\"font-size:8.0pt;color:#014708\"></span></p>\r\n                    <p><span style=\"font-size:18.0pt;font-family:Webdings;color:green\">P</span><span style=\"color:black\">\r\n                        </span><span style=\"font-size:10.0pt;font-family:&quot;Helvetica&quot;,sans-serif;color:green\">Be Environmentally Responsible. Please don\'t print this e-mail unless you really need to.</span><u></u><u></u></p>\r\n                </td>\r\n            </tr>\r\n        </table>\r\n    </body>\r\n</html>', 32, 'A', 'admin', '2022-06-02');

INSERT INTO `common_notification_subscription_event`(`id`, `event`, `enable_notification`, `enable_email`, `status`, `subscription_type_id`) VALUES (33, 'Transaction(s) you submitted is approved', 1, 1, 'A', 9);

INSERT INTO `common_notification_email_template`(`id`, `template_name`, `subject`, `template_data`, `event_id`, `status`, `created_by`, `created_on`, `update_by`, `update_on`, `delete_by`, `delete_on`) VALUES (38, 'TRANSACTION_APPROVED', 'Your credit transaction(s)  has been approved by APPROVER_NAME', '<html>\r\n    <head>\r\n        <meta charset=\"UTF-8\">\r\n        <meta name=\"viewport\" content=\"width=device-width, initial-scale=1.0\">\r\n    </head>\r\n    <body>\r\n        <table style=\"color: #207580;\">\r\n            <tr>\r\n                <td style=\"font-weight: bold\">Dear <span id=\"EMAIL_SEND_TO\">name of uploader</span>,</td>\r\n            </tr>\r\n            <tr> <td></td> </tr>\r\n            <tr><td></td></tr>\r\n            <tr><td></td></tr>\r\n            <tr><td></td></tr>\r\n            <tr><td></td></tr>\r\n            <tr style=\"margin-left: 250px\">\r\n                <td><ul></ul><ul></ul>Your credit transaction(s) has been approved by <span id=\"APPROVER_NAME\" > Assigned approver </span>. </td>\r\n            </tr>\r\n            <tr><td></td></tr>\r\n            <tr><td></td></tr>\r\n            <tr><td></td></tr>\r\n            <tr>\r\n                <td>If you have any comments or questions, please do not hesitate to contact us at <span style=\"font-weight: bold\"><a href=\"mailto:support@papertrl.com\">support@papertrl.com.</a></span></td>\r\n            </tr>\r\n            <tr><td></td></tr>\r\n            <tr><td></td></tr>\r\n            <tr><td></td></tr>\r\n            <tr><td></td></tr>\r\n            <tr><td></td></tr>\r\n            <tr><td></td></tr>\r\n            <tr style=\"margin-top: 65px\">\r\n                <td>\r\n                    <span style=\"font-weight: bold\"><ul></ul><ul></ul><ul></ul><ul></ul>Thank You!</span>\r\n                </td>\r\n            </tr>\r\n            <tr>\r\n                <td>\r\n                    <img style=\"width: 170px;height: 45px;\" src=\"https://papertrl.com/wp-content/uploads/2019/09/logo.png\"/>\r\n                </td>\r\n            </tr>\r\n            <tr>\r\n                <td>This email is an automated notification, Replies to this message will not be read or responded to. We\'re happy to help you with any questions or concerns you may have. Please contact us directly 24/7 via <span style=\"font-weight: bold\">support@papertrl.com</span>\r\n                    <p class=\"MsoNormal\"><span style=\"font-size:8.0pt;color:#207580\">CONFIDENTIALITY NOTICE: This e-mail transmission, and any attachments, is intended only for the use of PaperTrl Inc. or recipient named above and may contain information that\r\n                            is confidential, privileged and exempt from disclosure under applicable law. If you are not the intended recipient or authorized to receive this message for the recipient, you must not use, copy, disclose or take any action based on this message or any information\r\n                            herein. If you have received this message in error, please advise the sender immediately.</span><span style=\"font-size:8.0pt;color:#014708\"></span></p>\r\n                    <p><span style=\"font-size:18.0pt;font-family:Webdings;color:green\">P</span><span style=\"color:black\">\r\n                        </span><span style=\"font-size:10.0pt;font-family:&quot;Helvetica&quot;,sans-serif;color:green\">Be Environmentally Responsible. Please don\'t print this e-mail unless you really need to.</span><u></u><u></u></p>\r\n                </td>\r\n            </tr>\r\n        </table>\r\n    </body>\r\n</html>', 33, 'A', 'admin', '2022-06-02', NULL, NULL, NULL, NULL);

INSERT INTO `common_notification_message`(`id`, `notification_type_name`, `notification_type_id`, `notification_message`, `clickable`, `event_id`) VALUES (29, 'Credit card statement', 9, 'no users in an assigned approval group', 0, 30);

INSERT INTO `common_notification_message`(`id`, `notification_type_name`, `notification_type_id`, `notification_message`, `clickable`, `event_id`) VALUES (30, 'Credit card statement', 9, 'has submitted credit transaction(s) for your approval group', 1, 31);

INSERT INTO `common_notification_message`(`id`, `notification_type_name`, `notification_type_id`, `notification_message`, `clickable`, `event_id`) VALUES (31, 'Credit card statement', 9, 'credit transactions rejected', 1, 32);

INSERT INTO `common_notification_message`(`id`, `notification_type_name`, `notification_type_id`, `notification_message`, `clickable`, `event_id`) VALUES (32, 'Credit card statement', 9, 'Credit transactions approved', 1, 33);
