INSERT INTO `common_grid_template` (`id`, `grid_name`) VALUES ('28', 'TGRID_BILL_LIST');
INSERT INTO `common_grid_state_template` (`grid_id`, `start_from`, `total_rows`, `column_widths`) VALUES ('28', '0', '10', '100,210,210,210,210,210,210');
INSERT INTO `common_grid_column_template` (`grid_id`, `field`, `header`, `column_show`, `is_sortable`, `is_re_orderable`, `is_re_sizable`, `can_hide`, `align`, `search_type`, `placeholder`, `column_order`, `drop_down_id`, `drop_down_url`) VALUES ('28', 'action', 'Action', '1', '0', '1', '1', '0', 'center', 'actionButton', '', '2', NULL, '');
INSERT INTO `common_grid_column_template` (`grid_id`, `field`, `header`, `column_show`, `is_sortable`, `is_re_orderable`, `is_re_sizable`, `can_hide`, `align`, `search_type`, `placeholder`, `column_order`, `drop_down_id`, `drop_down_url`) VALUES ('28', 'vendor.id', 'Vendor', '1', '1', '1', '1', '1', 'left', 'multiSelect', 'Vendor', '3', NULL, '');
INSERT INTO `common_grid_column_template` (`grid_id`, `field`, `header`, `column_show`, `is_sortable`, `is_re_orderable`, `is_re_sizable`, `can_hide`, `align`, `search_type`, `placeholder`, `column_order`, `drop_down_id`, `drop_down_url`) VALUES ('28', 'bill.billNo', 'Bill Number', '1', '1', '1', '1', '1', 'left', 'input', 'Bill Number', '4', NULL, '');
INSERT INTO `common_grid_column_template` (`grid_id`, `field`, `header`, `column_show`, `is_sortable`, `is_re_orderable`, `is_re_sizable`, `can_hide`, `align`, `search_type`, `placeholder`, `column_order`, `drop_down_id`, `drop_down_url`) VALUES ('28', 'bill.billDate', 'Bill Date', '1', '1', '1', '1', '1', 'center', 'date', 'Bill Date', '5', NULL, '');
INSERT INTO `common_grid_column_template` (`grid_id`, `field`, `header`, `column_show`, `is_sortable`, `is_re_orderable`, `is_re_sizable`, `can_hide`, `align`, `search_type`, `placeholder`, `column_order`, `drop_down_id`, `drop_down_url`) VALUES ('28', 'bill.billAmount', 'Amount', '1', '1', '1', '1', '1', 'right', 'numeric', 'Amount', '6', NULL, '');
INSERT INTO `common_grid_column_template` (`grid_id`, `field`, `header`, `column_show`, `is_sortable`, `is_re_orderable`, `is_re_sizable`, `can_hide`, `align`, `search_type`, `placeholder`, `column_order`, `drop_down_id`, `drop_down_url`) VALUES ('28', 'term.id', 'Term', '1', '1', '1', '1', '1', 'left', 'dropdown', 'Term', '7', NULL, '');
INSERT INTO `common_grid_column_template` (`grid_id`, `field`, `header`, `column_show`, `is_sortable`, `is_re_orderable`, `is_re_sizable`, `can_hide`, `align`, `search_type`, `placeholder`, `column_order`, `drop_down_id`, `drop_down_url`) VALUES ('28', 'bill.dueDate', 'Due Date', '1', '1', '1', '1', '1', 'center', 'date', 'Due Date', '8', NULL, '');


INSERT INTO `common_grid_template` (`id`, `grid_name`) VALUES ('29', 'TGRID_PO_LIST');
INSERT INTO `common_grid_state_template` (`grid_id`, `start_from`, `total_rows`, `column_widths`) VALUES ('29', '0', '10', '100,210,210,210,210,210');
INSERT INTO `common_grid_column_template` (`grid_id`, `field`, `header`, `column_show`, `is_sortable`, `is_re_orderable`, `is_re_sizable`, `can_hide`, `align`, `search_type`, `placeholder`, `column_order`, `drop_down_id`, `drop_down_url`) VALUES ('29', 'action', 'Action', '1', '0', '0', '0', '0', 'center', 'actionButton', '', '2', NULL, '');
INSERT INTO `common_grid_column_template` (`grid_id`, `field`, `header`, `column_show`, `is_sortable`, `is_re_orderable`, `is_re_sizable`, `can_hide`, `align`, `search_type`, `placeholder`, `column_order`, `drop_down_id`, `drop_down_url`) VALUES ('29', 'po.vendorId', 'Vendor', '1', '1', '1', '1', '1', 'left', 'dropdown', 'Vendor', '3', NULL, '');
INSERT INTO `common_grid_column_template` (`grid_id`, `field`, `header`, `column_show`, `is_sortable`, `is_re_orderable`, `is_re_sizable`, `can_hide`, `align`, `search_type`, `placeholder`, `column_order`, `drop_down_id`, `drop_down_url`) VALUES ('29', 'po.poNumber', 'PO Number', '1', '1', '1', '1', '1', 'left', 'input', 'PO Number', '4', NULL, '');
INSERT INTO `common_grid_column_template` (`grid_id`, `field`, `header`, `column_show`, `is_sortable`, `is_re_orderable`, `is_re_sizable`, `can_hide`, `align`, `search_type`, `placeholder`, `column_order`, `drop_down_id`, `drop_down_url`) VALUES ('29', 'po.projectCodeId', 'Project / Task', '1', '1', '1', '1', '1', 'left', 'dropdown', 'Project / Task', '5', NULL, '');
INSERT INTO `common_grid_column_template` (`grid_id`, `field`, `header`, `column_show`, `is_sortable`, `is_re_orderable`, `is_re_sizable`, `can_hide`, `align`, `search_type`, `placeholder`, `column_order`, `drop_down_id`, `drop_down_url`) VALUES ('29', 'po.netAmount', 'Amount', '1', '1', '1', '1', '1', 'right', 'numeric', 'Amount', '6', NULL, '');
INSERT INTO `common_grid_column_template` (`grid_id`, `field`, `header`, `column_show`, `is_sortable`, `is_re_orderable`, `is_re_sizable`, `can_hide`, `align`, `search_type`, `placeholder`, `column_order`, `drop_down_id`, `drop_down_url`) VALUES ('29', 'po.poDate', 'PO Date', '1', '1', '1', '1', '1', 'center', 'date', 'PO Date', '7', NULL, '');



INSERT INTO `common_grid_template` (`id`, `grid_name`) VALUES ('30', 'TGRID_EXP_LIST');
INSERT INTO `common_grid_state_template` (`grid_id`, `start_from`, `total_rows`, `column_widths`) VALUES ('30', '0', '10', '100,210,210,210,210');
INSERT INTO `common_grid_column_template` (`grid_id`, `field`, `header`, `column_show`, `is_sortable`, `is_re_orderable`, `is_re_sizable`, `can_hide`, `align`, `search_type`, `placeholder`, `column_order`, `drop_down_id`, `drop_down_url`) VALUES ('30', 'action', 'Action', '1', '0', '1', '1', '0', 'center', 'actionButton', '', '2', NULL, '');
INSERT INTO `common_grid_column_template` (`grid_id`, `field`, `header`, `column_show`, `is_sortable`, `is_re_orderable`, `is_re_sizable`, `can_hide`, `align`, `search_type`, `placeholder`, `column_order`, `drop_down_id`, `drop_down_url`) VALUES ('30', 'expense.id', 'Report Number', '1', '1', '1', '1', '1', 'left', 'input', 'Report Number', '3', NULL, '');
INSERT INTO `common_grid_column_template` (`grid_id`, `field`, `header`, `column_show`, `is_sortable`, `is_re_orderable`, `is_re_sizable`, `can_hide`, `align`, `search_type`, `placeholder`, `column_order`, `drop_down_id`, `drop_down_url`) VALUES ('30', 'expense.reportName', 'Report Name', '1', '1', '1', '1', '1', 'left', 'input', 'Report Name', '4', NULL, '');
INSERT INTO `common_grid_column_template` (`grid_id`, `field`, `header`, `column_show`, `is_sortable`, `is_re_orderable`, `is_re_sizable`, `can_hide`, `align`, `search_type`, `placeholder`, `column_order`, `drop_down_id`, `drop_down_url`) VALUES ('30', 'expense.createdOn', 'Submitted Date', '1', '1', '1', '1', '1', 'center', 'date', 'Submit Date', '6', NULL, '');
INSERT INTO `common_grid_column_template` (`grid_id`, `field`, `header`, `column_show`, `is_sortable`, `is_re_orderable`, `is_re_sizable`, `can_hide`, `align`, `search_type`, `placeholder`, `column_order`, `drop_down_id`, `drop_down_url`) VALUES ('30', 'expense.createdByName', 'Submitted User', '1', '1', '1', '1', '1', 'left', 'input', 'Submit User', '5', NULL, '');

