/*!40101 SET @OLD_CHARACTER_SET_CLIENT=@@CHARACTER_SET_CLIENT */;
/*!40101 SET NAMES utf8 */;
/*!50503 SET NAMES utf8mb4 */;
/*!40014 SET @OLD_FOREIGN_KEY_CHECKS=@@FOREIGN_KEY_CHECKS, FOREIGN_KEY_CHECKS=0 */;
/*!40101 SET @OLD_SQL_MODE=@@SQL_MODE, SQL_MODE='NO_AUTO_VALUE_ON_ZERO' */;
/*!40111 SET @OLD_SQL_NOTES=@@SQL_NOTES, SQL_NOTES=0 */;

DROP TABLE IF EXISTS `common_notification_email_template`;
CREATE TABLE IF NOT EXISTS `common_notification_email_template` (
  `id` int(11) NOT NULL AUTO_INCREMENT,
  `template_name` varchar(150) NOT NULL,
  `subject` varchar(100) NOT NULL,
  `template_data` text NOT NULL,
  `event_id` int(15) NOT NULL,
  `status` char(1) NOT NULL,
  `created_by` varchar(50) NOT NULL,
  `created_on` date NOT NULL,
  `update_by` varchar(50) DEFAULT NULL,
  `update_on` date DEFAULT NULL,
  `delete_by` varchar(50) DEFAULT NULL,
  `delete_on` date DEFAULT NULL,
  PRIMARY KEY (`id`),
  KEY `FK_notification_subscription_event` (`event_id`),
  CONSTRAINT `FK_notification_subscription_event` FOREIGN KEY (`event_id`) REFERENCES `common_notification_subscription_event` (`id`)
) ENGINE=InnoDB AUTO_INCREMENT=18 DEFAULT CHARSET=latin1;

/*!40000 ALTER TABLE `common_notification_email_template` DISABLE KEYS */;
INSERT INTO `common_notification_email_template` (`id`, `template_name`, `subject`, `template_data`, `event_id`, `status`, `created_by`, `created_on`, `update_by`, `update_on`, `delete_by`, `delete_on`) VALUES
	(1, 'BILL_SUBMITTED_TO_DIRECT_APPROVER', 'Bill (BILL-NO) has submitted for your approval', '<html>\r\n    <head>\r\n        <meta charset="UTF-8">\r\n        <meta name="viewport" content="width=device-width, initial-scale=1.0">\r\n    </head>\r\n    <body>\r\n        <table style="color: #207580;">\r\n            <tr>\r\n                <td style="font-weight: bold">Dear <span id="EMAIL_SEND_TO">name of assigned approver</span>,</td>\r\n            </tr>\r\n            <tr> <td></td> </tr>\r\n            <tr><td></td></tr>\r\n            <tr><td></td></tr>\r\n            <tr><td></td></tr>\r\n            <tr><td></td></tr>\r\n            <tr style="margin-left: 250px">\r\n                <td><ul></ul><ul></ul>Bill Number <span id="BILL_NUMBER" > Bill Number </span> has been submitted for <span id="VENDOR_NAME" > Vendor Name </span> by <span id="SUBMITTED_BY" > Name of Submitted Person </span> for your approval. </td>\r\n            </tr>\r\n			<tr><td></td></tr>\r\n			<tr><td></td></tr>\r\n			<td>Please log in to <a id="URL" href="">PaperTrl</a> <span id="ACCOUNT_NAME"></span> to Approve or Reject the Bill.</td>\r\n            <tr><td></td></tr>\r\n            <tr><td></td></tr>\r\n            <tr><td></td></tr>\r\n            <tr>\r\n                <td>If you have any comments or questions, please do not hesitate to contact us at <span style="font-weight: bold"><a href="mailto:support@papertrl.com">support@papertrl.com.</a></span></td>\r\n            </tr>\r\n            <tr><td></td></tr>\r\n            <tr><td></td></tr>\r\n            <tr><td></td></tr>\r\n            <tr><td></td></tr>\r\n            <tr><td></td></tr>\r\n            <tr><td></td></tr>\r\n            <tr style="margin-top: 65px">\r\n                <td>\r\n                    <span style="font-weight: bold"><ul></ul><ul></ul><ul></ul><ul></ul>Thank You!</span>\r\n                </td>\r\n            </tr>\r\n            <tr>\r\n                <td>\r\n                    <img style="width: 170px;height: 45px;" src="https://papertrl.com/wp-content/uploads/2019/09/logo.png"/>\r\n                </td>\r\n            </tr>\r\n            <tr>\r\n                <td>This email is an automated notification, Replies to this message will not be read or responded to. We\'re happy to help you with any questions or concerns you may have. Please contact us directly 24/7 via <span style="font-weight: bold">support@papertrl.com</span>\r\n                    <p class="MsoNormal"><span style="font-size:8.0pt;color:#207580">CONFIDENTIALITY NOTICE: This e-mail transmission, and any attachments, is intended only for the use of PaperTrl Inc. or recipient named above and may contain information that\r\n                            is confidential, privileged and exempt from disclosure under applicable law. If you are not the intended recipient or authorized to receive this message for the recipient, you must not use, copy, disclose or take any action based on this message or any information\r\n                            herein. If you have received this message in error, please advise the sender immediately.</span><span style="font-size:8.0pt;color:#014708"></span></p>\r\n                    <p><span style="font-size:18.0pt;font-family:Webdings;color:green">P</span><span style="color:black">\r\n                        </span><span style="font-size:10.0pt;font-family:&quot;Helvetica&quot;,sans-serif;color:green">Be Environmentally Responsible. Please don\'t print this e-mail unless you really need to.</span><u></u><u></u></p>\r\n                </td>\r\n            </tr>\r\n        </table>\r\n    </body>\r\n</html>', 1, 'A', 'admin', '2021-05-25', NULL, NULL, NULL, NULL),
	(2, 'BILL_APPROVED', 'Bill (BILL-NO) has approved ', '<html>\r\n    <head>\r\n        <meta charset="UTF-8">\r\n        <meta name="viewport" content="width=device-width, initial-scale=1.0">\r\n    </head>\r\n    <body>\r\n        <table style="color: #207580;">\r\n            <tr>\r\n                <td style="font-weight: bold">Dear <span id="EMAIL_SEND_TO">name of uploader</span>,</td>\r\n            </tr>\r\n            <tr> <td></td> </tr>\r\n            <tr><td></td></tr>\r\n            <tr><td></td></tr>\r\n            <tr><td></td></tr>\r\n            <tr><td></td></tr>\r\n            <tr style="margin-left: 250px">\r\n                <td><ul></ul><ul></ul>Bill <span id="BILL_NUMBER" > Bill Number </span> has been approved by <span id="APPROVER_NAME" > Assigned approver </span>. </td>\r\n            </tr>\r\n            <tr><td></td></tr>\r\n            <tr><td></td></tr>\r\n            <tr><td></td></tr>\r\n            <tr>\r\n                <td>If you have any comments or questions, please do not hesitate to contact us at <span style="font-weight: bold"><a href="mailto:support@papertrl.com">support@papertrl.com.</a></span></td>\r\n            </tr>\r\n            <tr><td></td></tr>\r\n            <tr><td></td></tr>\r\n            <tr><td></td></tr>\r\n            <tr><td></td></tr>\r\n            <tr><td></td></tr>\r\n            <tr><td></td></tr>\r\n            <tr style="margin-top: 65px">\r\n                <td>\r\n                    <span style="font-weight: bold"><ul></ul><ul></ul><ul></ul><ul></ul>Thank You!</span>\r\n                </td>\r\n            </tr>\r\n            <tr>\r\n                <td>\r\n                    <img style="width: 170px;height: 45px;" src="https://papertrl.com/wp-content/uploads/2019/09/logo.png"/>\r\n                </td>\r\n            </tr>\r\n            <tr>\r\n                <td>This email is an automated notification, Replies to this message will not be read or responded to. We\'re happy to help you with any questions or concerns you may have. Please contact us directly 24/7 via <span style="font-weight: bold">support@papertrl.com</span>\r\n                    <p class="MsoNormal"><span style="font-size:8.0pt;color:#207580">CONFIDENTIALITY NOTICE: This e-mail transmission, and any attachments, is intended only for the use of PaperTrl Inc. or recipient named above and may contain information that\r\n                            is confidential, privileged and exempt from disclosure under applicable law. If you are not the intended recipient or authorized to receive this message for the recipient, you must not use, copy, disclose or take any action based on this message or any information\r\n                            herein. If you have received this message in error, please advise the sender immediately.</span><span style="font-size:8.0pt;color:#014708"></span></p>\r\n                    <p><span style="font-size:18.0pt;font-family:Webdings;color:green">P</span><span style="color:black">\r\n                        </span><span style="font-size:10.0pt;font-family:&quot;Helvetica&quot;,sans-serif;color:green">Be Environmentally Responsible. Please don\'t print this e-mail unless you really need to.</span><u></u><u></u></p>\r\n                </td>\r\n            </tr>\r\n        </table>\r\n    </body>\r\n</html>', 2, 'A', 'admin', '2021-05-25', NULL, NULL, NULL, NULL),
	(3, 'BILL_REJECTED', 'Bill (BILL-NO) has rejected', '<html>\r\n    <head>\r\n        <meta charset="UTF-8">\r\n        <meta name="viewport" content="width=device-width, initial-scale=1.0">\r\n    </head>\r\n    <body>\r\n        <table style="color: #207580;">\r\n            <tr>\r\n                <td style="font-weight: bold">Dear <span id="EMAIL_SEND_TO">name of uploader</span>,</td>\r\n            </tr>\r\n            <tr> <td></td> </tr>\r\n            <tr><td></td></tr>\r\n            <tr><td></td></tr>\r\n            <tr><td></td></tr>\r\n            <tr><td></td></tr>\r\n            <tr style="margin-left: 250px">\r\n                <td><ul></ul><ul></ul>Bill <span id="BILL_NUMBER" > Bill Number </span> has been rejected by <span id="APPROVER_NAME" > Assigned approver </span> due to <span style="color:red" id="REASON"> Reject Reason </span>. </td>\r\n            </tr>\r\n            <tr><td></td></tr>\r\n            <tr><td></td></tr>\r\n            <tr><td></td></tr>\r\n            <tr>\r\n                <td>If you have any comments or questions, please do not hesitate to contact us at <span style="font-weight: bold"><a href="mailto:support@papertrl.com">support@papertrl.com.</a></span></td>\r\n            </tr>\r\n            <tr><td></td></tr>\r\n            <tr><td></td></tr>\r\n            <tr><td></td></tr>\r\n            <tr><td></td></tr>\r\n            <tr><td></td></tr>\r\n            <tr><td></td></tr>\r\n            <tr style="margin-top: 65px">\r\n                <td>\r\n                    <span style="font-weight: bold"><ul></ul><ul></ul><ul></ul><ul></ul>Thank You!</span>\r\n                </td>\r\n            </tr>\r\n            <tr>\r\n                <td>\r\n                    <img style="width: 170px;height: 45px;" src="https://papertrl.com/wp-content/uploads/2019/09/logo.png"/>\r\n                </td>\r\n            </tr>\r\n            <tr>\r\n                <td>This email is an automated notification, Replies to this message will not be read or responded to. We\'re happy to help you with any questions or concerns you may have. Please contact us directly 24/7 via <span style="font-weight: bold">support@papertrl.com</span>\r\n                    <p class="MsoNormal"><span style="font-size:8.0pt;color:#207580">CONFIDENTIALITY NOTICE: This e-mail transmission, and any attachments, is intended only for the use of PaperTrl Inc. or recipient named above and may contain information that\r\n                            is confidential, privileged and exempt from disclosure under applicable law. If you are not the intended recipient or authorized to receive this message for the recipient, you must not use, copy, disclose or take any action based on this message or any information\r\n                            herein. If you have received this message in error, please advise the sender immediately.</span><span style="font-size:8.0pt;color:#014708"></span></p>\r\n                    <p><span style="font-size:18.0pt;font-family:Webdings;color:green">P</span><span style="color:black">\r\n                        </span><span style="font-size:10.0pt;font-family:&quot;Helvetica&quot;,sans-serif;color:green">Be Environmentally Responsible. Please don\'t print this e-mail unless you really need to.</span><u></u><u></u></p>\r\n                </td>\r\n            </tr>\r\n        </table>\r\n    </body>\r\n</html>', 3, 'A', 'admin', '2021-05-25', NULL, NULL, NULL, NULL),
	(4, 'EXPENSE_SUBMITTED_TO_DIRECT_APPROVER', 'Expense report (EXPENSE-NAME) has submitted for your approval ', '<html>\r\n    <head>\r\n        <meta charset="UTF-8">\r\n        <meta name="viewport" content="width=device-width, initial-scale=1.0">\r\n    </head>\r\n    <body>\r\n        <table style="color: #207580;">\r\n            <tr>\r\n                <td style="font-weight: bold">Dear <span id="EMAIL_SEND_TO">name of assigned approver</span>,</td>\r\n            </tr>\r\n            <tr> <td></td> </tr>\r\n            <tr><td></td></tr>\r\n            <tr><td></td></tr>\r\n            <tr><td></td></tr>\r\n            <tr><td></td></tr>\r\n            <tr style="margin-left: 250px">\r\n				<td><ul></ul><ul></ul>Expense Report <span id="REPORT_NAME" > Report Name </span> has been submitted by <span id="SUBMITTED_BY" > Name of Submitted Person </span> for your approval. </td>\r\n            </tr>\r\n			<tr><td></td></tr>\r\n			<tr><td></td></tr>\r\n			<td>Please log in to <a id="URL" href="">PaperTrl</a> <span id="ACCOUNT_NAME"></span> to Approve or Reject the expense report.</td>\r\n            <tr><td></td></tr>\r\n            <tr><td></td></tr>\r\n            <tr><td></td></tr>\r\n            <tr>\r\n                <td>If you have any comments or questions, please do not hesitate to contact us at <span style="font-weight: bold"><a href="mailto:support@papertrl.com">support@papertrl.com.</a></span></td>\r\n            </tr>\r\n            <tr><td></td></tr>\r\n            <tr><td></td></tr>\r\n            <tr><td></td></tr>\r\n            <tr><td></td></tr>\r\n            <tr><td></td></tr>\r\n            <tr><td></td></tr>\r\n            <tr style="margin-top: 65px">\r\n                <td>\r\n                    <span style="font-weight: bold"><ul></ul><ul></ul><ul></ul><ul></ul>Thank You!</span>\r\n                </td>\r\n            </tr>\r\n            <tr>\r\n                <td>\r\n                    <img style="width: 170px;height: 45px;" src="https://papertrl.com/wp-content/uploads/2019/09/logo.png"/>\r\n                </td>\r\n            </tr>\r\n            <tr>\r\n                <td>This email is an automated notification, Replies to this message will not be read or responded to. We\'re happy to help you with any questions or concerns you may have. Please contact us directly 24/7 via <span style="font-weight: bold">support@papertrl.com</span>\r\n                    <p class="MsoNormal"><span style="font-size:8.0pt;color:#207580">CONFIDENTIALITY NOTICE: This e-mail transmission, and any attachments, is intended only for the use of PaperTrl Inc. or recipient named above and may contain information that\r\n                            is confidential, privileged and exempt from disclosure under applicable law. If you are not the intended recipient or authorized to receive this message for the recipient, you must not use, copy, disclose or take any action based on this message or any information\r\n                            herein. If you have received this message in error, please advise the sender immediately.</span><span style="font-size:8.0pt;color:#014708"></span></p>\r\n                    <p><span style="font-size:18.0pt;font-family:Webdings;color:green">P</span><span style="color:black">\r\n                        </span><span style="font-size:10.0pt;font-family:&quot;Helvetica&quot;,sans-serif;color:green">Be Environmentally Responsible. Please don\'t print this e-mail unless you really need to.</span><u></u><u></u></p>\r\n                </td>\r\n            </tr>\r\n        </table>\r\n    </body>\r\n</html>', 7, 'A', 'admin', '2021-05-25', NULL, NULL, NULL, NULL),
	(5, 'EXPENSE_APPROVED', 'Expense Report (EXPENSE-NAME) has approved ', '<html>\r\n    <head>\r\n        <meta charset="UTF-8">\r\n        <meta name="viewport" content="width=device-width, initial-scale=1.0">\r\n    </head>\r\n    <body>\r\n        <table style="color: #207580;">\r\n            <tr>\r\n                <td style="font-weight: bold">Dear <span id="EMAIL_SEND_TO">name of  submitted person</span>,</td>\r\n            </tr>\r\n            <tr> <td></td> </tr>\r\n            <tr><td></td></tr>\r\n            <tr><td></td></tr>\r\n            <tr><td></td></tr>\r\n            <tr><td></td></tr>\r\n            <tr style="margin-left: 250px">\r\n                <td><ul></ul><ul></ul> Your submitted expense report <span id="REPORT_NAME" > Expense Report Name </span>  has been approved by <span id="APPROVER_NAME" > Assigned approver </span>.</td>\r\n            </tr>\r\n            <tr><td></td></tr>\r\n            <tr><td></td></tr>\r\n            <tr><td></td></tr>\r\n            <tr>\r\n                <td>If you have any comments or questions, please do not hesitate to contact us at <span style="font-weight: bold"><a href="mailto:support@papertrl.com">support@papertrl.com.</a></span></td>\r\n            </tr>\r\n            <tr><td></td></tr>\r\n            <tr><td></td></tr>\r\n            <tr><td></td></tr>\r\n            <tr><td></td></tr>\r\n            <tr><td></td></tr>\r\n            <tr><td></td></tr>\r\n            <tr style="margin-top: 65px">\r\n                <td>\r\n                    <span style="font-weight: bold"><ul></ul><ul></ul><ul></ul><ul></ul>Thank You!</span>\r\n                </td>\r\n            </tr>\r\n            <tr>\r\n                <td>\r\n                    <img style="width: 170px;height: 45px;" src="https://papertrl.com/wp-content/uploads/2019/09/logo.png"/>\r\n                </td>\r\n            </tr>\r\n            <tr>\r\n                <td>This email is an automated notification, Replies to this message will not be read or responded to. We\'re happy to help you with any questions or concerns you may have. Please contact us directly 24/7 via <span style="font-weight: bold">support@papertrl.com</span>\r\n                    <p class="MsoNormal"><span style="font-size:8.0pt;color:#207580">CONFIDENTIALITY NOTICE: This e-mail transmission, and any attachments, is intended only for the use of PaperTrl Inc. or recipient named above and may contain information that\r\n                            is confidential, privileged and exempt from disclosure under applicable law. If you are not the intended recipient or authorized to receive this message for the recipient, you must not use, copy, disclose or take any action based on this message or any information\r\n                            herein. If you have received this message in error, please advise the sender immediately.</span><span style="font-size:8.0pt;color:#014708"></span></p>\r\n                    <p><span style="font-size:18.0pt;font-family:Webdings;color:green">P</span><span style="color:black">\r\n                        </span><span style="font-size:10.0pt;font-family:&quot;Helvetica&quot;,sans-serif;color:green">Be Environmentally Responsible. Please don\'t print this e-mail unless you really need to.</span><u></u><u></u></p>\r\n                </td>\r\n            </tr>\r\n        </table>\r\n    </body>\r\n</html>', 8, 'A', 'admin', '2021-05-25', NULL, NULL, NULL, NULL),
	(6, 'EXPENSE_REJECTED', 'Expense Report  (EXPENSE-NAME) has rejected', '<html>\r\n    <head>\r\n        <meta charset="UTF-8">\r\n        <meta name="viewport" content="width=device-width, initial-scale=1.0">\r\n    </head>\r\n    <body>\r\n        <table style="color: #207580;">\r\n            <tr>\r\n                <td style="font-weight: bold">Dear <span id="EMAIL_SEND_TO">name of  submitted person</span>,</td>\r\n            </tr>\r\n            <tr> <td></td> </tr>\r\n            <tr><td></td></tr>\r\n            <tr><td></td></tr>\r\n            <tr><td></td></tr>\r\n            <tr><td></td></tr>\r\n            <tr style="margin-left: 250px">\r\n				<td><ul></ul><ul></ul>Expense Report <span id="REPORT_NAME" > Report Name </span> has been rejected by <span id="APPROVER_NAME" > Assigned approver </span> due to <span style="color:red" id="REASON"> Reject Reason </span>. </td>\r\n            </tr>\r\n            <tr><td></td></tr>\r\n            <tr><td></td></tr>\r\n            <tr><td></td></tr>\r\n            <tr>\r\n                <td>If you have any comments or questions, please do not hesitate to contact us at <span style="font-weight: bold"><a href="mailto:support@papertrl.com">support@papertrl.com.</a></span></td>\r\n            </tr>\r\n            <tr><td></td></tr>\r\n            <tr><td></td></tr>\r\n            <tr><td></td></tr>\r\n            <tr><td></td></tr>\r\n            <tr><td></td></tr>\r\n            <tr><td></td></tr>\r\n            <tr style="margin-top: 65px">\r\n                <td>\r\n                    <span style="font-weight: bold"><ul></ul><ul></ul><ul></ul><ul></ul>Thank You!</span>\r\n                </td>\r\n            </tr>\r\n            <tr>\r\n                <td>\r\n                    <img style="width: 170px;height: 45px;" src="https://papertrl.com/wp-content/uploads/2019/09/logo.png"/>\r\n                </td>\r\n            </tr>\r\n            <tr>\r\n                <td>This email is an automated notification, Replies to this message will not be read or responded to. We\'re happy to help you with any questions or concerns you may have. Please contact us directly 24/7 via <span style="font-weight: bold">support@papertrl.com</span>\r\n                    <p class="MsoNormal"><span style="font-size:8.0pt;color:#207580">CONFIDENTIALITY NOTICE: This e-mail transmission, and any attachments, is intended only for the use of PaperTrl Inc. or recipient named above and may contain information that\r\n                            is confidential, privileged and exempt from disclosure under applicable law. If you are not the intended recipient or authorized to receive this message for the recipient, you must not use, copy, disclose or take any action based on this message or any information\r\n                            herein. If you have received this message in error, please advise the sender immediately.</span><span style="font-size:8.0pt;color:#014708"></span></p>\r\n                    <p><span style="font-size:18.0pt;font-family:Webdings;color:green">P</span><span style="color:black">\r\n                        </span><span style="font-size:10.0pt;font-family:&quot;Helvetica&quot;,sans-serif;color:green">Be Environmentally Responsible. Please don\'t print this e-mail unless you really need to.</span><u></u><u></u></p>\r\n                </td>\r\n            </tr>\r\n        </table>\r\n    </body>\r\n</html>', 9, 'A', 'admin', '2021-05-25', NULL, NULL, NULL, NULL),
	(7, 'PO_SUBMITTED_TO_DIRECT_APPROVER', 'Purchase order (PO-NO) has  submitted for your approval', '<html>\r\n    <head>\r\n        <meta charset="UTF-8">\r\n        <meta name="viewport" content="width=device-width, initial-scale=1.0">\r\n    </head>\r\n    <body>\r\n        <table style="color: #207580;">\r\n            <tr>\r\n                <td style="font-weight: bold">Dear <span id="EMAIL_SEND_TO">name of assigned approver</span>,</td>\r\n            </tr>\r\n            <tr> <td></td> </tr>\r\n            <tr><td></td></tr>\r\n            <tr><td></td></tr>\r\n            <tr><td></td></tr>\r\n            <tr><td></td></tr>\r\n            <tr style="margin-left: 250px">\r\n                <td><ul></ul><ul></ul>Purchase Order <span id="PO_NUMBER" > Purchase Order Number </span> has been submitted by <span id="SUBMITTED_BY" > Name of Submitted Person </span> for your approval. </td>\r\n            </tr>\r\n			<tr><td></td></tr>\r\n			<tr><td></td></tr>\r\n			<td>Please log in to <a id="URL" href="">PaperTrl</a> <span id="ACCOUNT_NAME"></span> to Approve or Reject the Purchase Order.</td>\r\n            <tr><td></td></tr>\r\n            <tr><td></td></tr>\r\n            <tr><td></td></tr>\r\n            <tr>\r\n                <td>If you have any comments or questions, please do not hesitate to contact us at <span style="font-weight: bold"><a href="mailto:support@papertrl.com">support@papertrl.com.</a></span></td>\r\n            </tr>\r\n            <tr><td></td></tr>\r\n            <tr><td></td></tr>\r\n            <tr><td></td></tr>\r\n            <tr><td></td></tr>\r\n            <tr><td></td></tr>\r\n            <tr><td></td></tr>\r\n            <tr style="margin-top: 65px">\r\n                <td>\r\n                    <span style="font-weight: bold"><ul></ul><ul></ul><ul></ul><ul></ul>Thank You!</span>\r\n                </td>\r\n            </tr>\r\n            <tr>\r\n                <td>\r\n                    <img style="width: 170px;height: 45px;" src="https://papertrl.com/wp-content/uploads/2019/09/logo.png"/>\r\n                </td>\r\n            </tr>\r\n            <tr>\r\n                <td>This email is an automated notification, Replies to this message will not be read or responded to. We\'re happy to help you with any questions or concerns you may have. Please contact us directly 24/7 via <span style="font-weight: bold">support@papertrl.com</span>\r\n                    <p class="MsoNormal"><span style="font-size:8.0pt;color:#207580">CONFIDENTIALITY NOTICE: This e-mail transmission, and any attachments, is intended only for the use of PaperTrl Inc. or recipient named above and may contain information that\r\n                            is confidential, privileged and exempt from disclosure under applicable law. If you are not the intended recipient or authorized to receive this message for the recipient, you must not use, copy, disclose or take any action based on this message or any information\r\n                            herein. If you have received this message in error, please advise the sender immediately.</span><span style="font-size:8.0pt;color:#014708"></span></p>\r\n                    <p><span style="font-size:18.0pt;font-family:Webdings;color:green">P</span><span style="color:black">\r\n                        </span><span style="font-size:10.0pt;font-family:&quot;Helvetica&quot;,sans-serif;color:green">Be Environmentally Responsible. Please don\'t print this e-mail unless you really need to.</span><u></u><u></u></p>\r\n                </td>\r\n            </tr>\r\n        </table>\r\n    </body>\r\n</html>', 4, 'A', 'admin', '2021-05-25', NULL, NULL, NULL, NULL),
	(8, 'PO_APPROVED', 'Purchase Order (PO-NO) has approved ', '<html>\r\n    <head>\r\n        <meta charset="UTF-8">\r\n        <meta name="viewport" content="width=device-width, initial-scale=1.0">\r\n    </head>\r\n    <body>\r\n        <table style="color: #207580;">\r\n            <tr>\r\n                <td style="font-weight: bold">Dear <span id="EMAIL_SEND_TO">name of submitted person</span>,</td>\r\n            </tr>\r\n            <tr> <td></td> </tr>\r\n            <tr><td></td></tr>\r\n            <tr><td></td></tr>\r\n            <tr><td></td></tr>\r\n            <tr><td></td></tr>\r\n            <tr style="margin-left: 250px">\r\n                <td><ul></ul><ul></ul>Purchase Order <span id="PO_NUMBER" > Purchase Order Number </span> has been approved by <span id="APPROVER_NAME" > Assigned approver</span>. </td>\r\n            </tr>\r\n            <tr><td></td></tr>\r\n            <tr><td></td></tr>\r\n            <tr><td></td></tr>\r\n            <tr>\r\n                <td>If you have any comments or questions, please do not hesitate to contact us at <span style="font-weight: bold"><a href="mailto:support@papertrl.com">support@papertrl.com.</a></span></td>\r\n            </tr>\r\n            <tr><td></td></tr>\r\n            <tr><td></td></tr>\r\n            <tr><td></td></tr>\r\n            <tr><td></td></tr>\r\n            <tr><td></td></tr>\r\n            <tr><td></td></tr>\r\n            <tr style="margin-top: 65px">\r\n                <td>\r\n                    <span style="font-weight: bold"><ul></ul><ul></ul><ul></ul><ul></ul>Thank You!</span>\r\n                </td>\r\n            </tr>\r\n            <tr>\r\n                <td>\r\n                    <img style="width: 170px;height: 45px;" src="https://papertrl.com/wp-content/uploads/2019/09/logo.png"/>\r\n                </td>\r\n            </tr>\r\n            <tr>\r\n                <td>This email is an automated notification, Replies to this message will not be read or responded to. We\'re happy to help you with any questions or concerns you may have. Please contact us directly 24/7 via <span style="font-weight: bold">support@papertrl.com</span>\r\n                    <p class="MsoNormal"><span style="font-size:8.0pt;color:#207580">CONFIDENTIALITY NOTICE: This e-mail transmission, and any attachments, is intended only for the use of PaperTrl Inc. or recipient named above and may contain information that\r\n                            is confidential, privileged and exempt from disclosure under applicable law. If you are not the intended recipient or authorized to receive this message for the recipient, you must not use, copy, disclose or take any action based on this message or any information\r\n                            herein. If you have received this message in error, please advise the sender immediately.</span><span style="font-size:8.0pt;color:#014708"></span></p>\r\n                    <p><span style="font-size:18.0pt;font-family:Webdings;color:green">P</span><span style="color:black">\r\n                        </span><span style="font-size:10.0pt;font-family:&quot;Helvetica&quot;,sans-serif;color:green">Be Environmentally Responsible. Please don\'t print this e-mail unless you really need to.</span><u></u><u></u></p>\r\n                </td>\r\n            </tr>\r\n        </table>\r\n    </body>\r\n</html>', 5, 'A', 'admin', '2021-05-25', NULL, NULL, NULL, NULL),
	(9, 'PO_REJECTED', 'Purchase Order (PO-NO) has rejected', '<html>\r\n    <head>\r\n        <meta charset="UTF-8">\r\n        <meta name="viewport" content="width=device-width, initial-scale=1.0">\r\n    </head>\r\n    <body>\r\n        <table style="color: #207580;">\r\n            <tr>\r\n                <td style="font-weight: bold">Dear <span id="EMAIL_SEND_TO">name of submitted person</span>,</td>\r\n            </tr>\r\n            <tr> <td></td> </tr>\r\n            <tr><td></td></tr>\r\n            <tr><td></td></tr>\r\n            <tr><td></td></tr>\r\n            <tr><td></td></tr>\r\n            <tr style="margin-left: 250px">\r\n                <td><ul></ul><ul></ul>Purchase Order <span id="PO_NUMBER" > Purchase Order Number </span> has been rejected by <span id="APPROVER_NAME" > Assigned approver </span> due to <span style="color:red" id="REASON"> Reject Reason</span>. </td>\r\n            </tr>\r\n            <tr><td></td></tr>\r\n            <tr><td></td></tr>\r\n            <tr><td></td></tr>\r\n            <tr>\r\n                <td>If you have any comments or questions, please do not hesitate to contact us at <span style="font-weight: bold"><a href="mailto:support@papertrl.com">support@papertrl.com.</a></span></td>\r\n            </tr>\r\n            <tr><td></td></tr>\r\n            <tr><td></td></tr>\r\n            <tr><td></td></tr>\r\n            <tr><td></td></tr>\r\n            <tr><td></td></tr>\r\n            <tr><td></td></tr>\r\n            <tr style="margin-top: 65px">\r\n                <td>\r\n                    <span style="font-weight: bold"><ul></ul><ul></ul><ul></ul><ul></ul>Thank You!</span>\r\n                </td>\r\n            </tr>\r\n            <tr>\r\n                <td>\r\n                    <img style="width: 170px;height: 45px;" src="https://papertrl.com/wp-content/uploads/2019/09/logo.png"/>\r\n                </td>\r\n            </tr>\r\n            <tr>\r\n                <td>This email is an automated notification, Replies to this message will not be read or responded to. We\'re happy to help you with any questions or concerns you may have. Please contact us directly 24/7 via <span style="font-weight: bold">support@papertrl.com</span>\r\n                    <p class="MsoNormal"><span style="font-size:8.0pt;color:#207580">CONFIDENTIALITY NOTICE: This e-mail transmission, and any attachments, is intended only for the use of PaperTrl Inc. or recipient named above and may contain information that\r\n                            is confidential, privileged and exempt from disclosure under applicable law. If you are not the intended recipient or authorized to receive this message for the recipient, you must not use, copy, disclose or take any action based on this message or any information\r\n                            herein. If you have received this message in error, please advise the sender immediately.</span><span style="font-size:8.0pt;color:#014708"></span></p>\r\n                    <p><span style="font-size:18.0pt;font-family:Webdings;color:green">P</span><span style="color:black">\r\n                        </span><span style="font-size:10.0pt;font-family:&quot;Helvetica&quot;,sans-serif;color:green">Be Environmentally Responsible. Please don\'t print this e-mail unless you really need to.</span><u></u><u></u></p>\r\n                </td>\r\n            </tr>\r\n        </table>\r\n    </body>\r\n</html>', 6, 'A', 'admin', '2021-05-25', NULL, NULL, NULL, NULL),
	(10, 'RECEIVED_PAYMENT', 'Payment Recived For (BILL-NO)', '<html>\r\n    <head>\r\n        <meta charset="UTF-8">\r\n        <meta name="viewport" content="width=device-width, initial-scale=1.0">\r\n    </head>\r\n    <body>\r\n        <table style="color: #207580;">\r\n            <tr>\r\n                <td style="font-weight: bold">Dear <span id="EMAIL_SEND_TO">name of Vendor</span>,</td>\r\n            </tr>\r\n            <tr> <td></td> </tr>\r\n            <tr><td></td></tr>\r\n            <tr><td></td></tr>\r\n            <tr><td></td></tr>\r\n            <tr><td></td></tr>\r\n            <tr style="margin-left: 250px">\r\n                <td><ul></ul><ul></ul>You have received <span id="RECEIVED_AMOUNT"> Received Amount</span> for <span id="BILL_NUMBER" > Bill Number</span> from <span id="CUSTOMER_NAME"> Customer Name </span>. </td>\r\n            </tr>\r\n            <tr><td></td></tr>\r\n            <tr><td></td></tr>\r\n            <tr><td></td></tr>\r\n            <tr>\r\n                <td>If you have any comments or questions, please do not hesitate to contact us at <span style="font-weight: bold"><a href="mailto:support@papertrl.com">support@papertrl.com.</a></span></td>\r\n            </tr>\r\n            <tr><td></td></tr>\r\n            <tr><td></td></tr>\r\n            <tr><td></td></tr>\r\n            <tr><td></td></tr>\r\n            <tr><td></td></tr>\r\n            <tr><td></td></tr>\r\n            <tr style="margin-top: 65px">\r\n                <td>\r\n                    <span style="font-weight: bold"><ul></ul><ul></ul><ul></ul><ul></ul>Thank You!</span>\r\n                </td>\r\n            </tr>\r\n            <tr>\r\n                <td>\r\n                    <img style="width: 170px;height: 45px;" src="https://papertrl.com/wp-content/uploads/2019/09/logo.png"/>\r\n                </td>\r\n            </tr>\r\n            <tr>\r\n                <td>This email is an automated notification, Replies to this message will not be read or responded to. We\'re happy to help you with any questions or concerns you may have. Please contact us directly 24/7 via <span style="font-weight: bold">support@papertrl.com</span>\r\n                    <p class="MsoNormal"><span style="font-size:8.0pt;color:#207580">CONFIDENTIALITY NOTICE: This e-mail transmission, and any attachments, is intended only for the use of PaperTrl Inc. or recipient named above and may contain information that\r\n                            is confidential, privileged and exempt from disclosure under applicable law. If you are not the intended recipient or authorized to receive this message for the recipient, you must not use, copy, disclose or take any action based on this message or any information\r\n                            herein. If you have received this message in error, please advise the sender immediately.</span><span style="font-size:8.0pt;color:#014708"></span></p>\r\n                    <p><span style="font-size:18.0pt;font-family:Webdings;color:green">P</span><span style="color:black">\r\n                        </span><span style="font-size:10.0pt;font-family:&quot;Helvetica&quot;,sans-serif;color:green">Be Environmentally Responsible. Please don\'t print this e-mail unless you really need to.</span><u></u><u></u></p>\r\n                </td>\r\n            </tr>\r\n        </table>\r\n    </body>\r\n</html>', 10, 'A', 'admin', '2021-05-25', NULL, NULL, NULL, NULL),
	(11, 'BILL_SUBMITTED_TO_APPROVAL_GROUP', 'Bill (BILL-NO) has submitted for your approval', '<html>\r\n    <head>\r\n        <meta charset="UTF-8">\r\n        <meta name="viewport" content="width=device-width, initial-scale=1.0">\r\n    </head>\r\n    <body>\r\n        <table style="color: #207580;">\r\n            <tr>\r\n                <td style="font-weight: bold">Dear <span id="EMAIL_SEND_TO">name of assigned approver</span>,</td>\r\n            </tr>\r\n            <tr> <td></td> </tr>\r\n            <tr><td></td></tr>\r\n            <tr><td></td></tr>\r\n            <tr><td></td></tr>\r\n            <tr><td></td></tr>\r\n            <tr style="margin-left: 250px">\r\n                <td><ul></ul><ul></ul>Invoice Number <span id="BILL_NUMBER" > Invoice Number </span> has been submitted by <span id="VENDOR_NAME" > Vendor Name </span> for the approval of <span id="APPROVAL_GROUP">Project Manager</span> Approval Group. </td>\r\n            </tr>\r\n			<tr><td></td></tr>\r\n			<tr><td></td></tr>\r\n			<td>Please log in to <a id="URL" href="">PaperTrl</a> <span id="ACCOUNT_NAME"></span> to Approve or Reject the invoice.</td>\r\n            <tr><td></td></tr>\r\n            <tr><td></td></tr>\r\n            <tr><td></td></tr>\r\n            <tr>\r\n                <td>If you have any comments or questions, please do not hesitate to contact us at <span style="font-weight: bold"><a href="mailto:support@papertrl.com">support@papertrl.com.</a></span></td>\r\n            </tr>\r\n            <tr><td></td></tr>\r\n            <tr><td></td></tr>\r\n            <tr><td></td></tr>\r\n            <tr><td></td></tr>\r\n            <tr><td></td></tr>\r\n            <tr><td></td></tr>\r\n            <tr style="margin-top: 65px">\r\n                <td>\r\n                    <span style="font-weight: bold"><ul></ul><ul></ul><ul></ul><ul></ul>Thank You!</span>\r\n                </td>\r\n            </tr>\r\n            <tr>\r\n                <td>\r\n                    <img style="width: 170px;height: 45px;" src="https://papertrl.com/wp-content/uploads/2019/09/logo.png"/>\r\n                </td>\r\n            </tr>\r\n            <tr>\r\n                <td>This email is an automated notification, Replies to this message will not be read or responded to. We\'re happy to help you with any questions or concerns you may have. Please contact us directly 24/7 via <span style="font-weight: bold">support@papertrl.com</span>\r\n                    <p class="MsoNormal"><span style="font-size:8.0pt;color:#207580">CONFIDENTIALITY NOTICE: This e-mail transmission, and any attachments, is intended only for the use of PaperTrl Inc. or recipient named above and may contain information that\r\n                            is confidential, privileged and exempt from disclosure under applicable law. If you are not the intended recipient or authorized to receive this message for the recipient, you must not use, copy, disclose or take any action based on this message or any information\r\n                            herein. If you have received this message in error, please advise the sender immediately.</span><span style="font-size:8.0pt;color:#014708"></span></p>\r\n                    <p><span style="font-size:18.0pt;font-family:Webdings;color:green">P</span><span style="color:black">\r\n                        </span><span style="font-size:10.0pt;font-family:&quot;Helvetica&quot;,sans-serif;color:green">Be Environmentally Responsible. Please don\'t print this e-mail unless you really need to.</span><u></u><u></u></p>\r\n                </td>\r\n            </tr>\r\n        </table>\r\n    </body>\r\n</html>', 13, 'A', 'admin', '2021-05-26', NULL, NULL, NULL, NULL),
	(12, 'BILL_ASSIGNEE_LIST_EMPTY', 'No users found in the approval group to approve', '<html>\r\n    <head>\r\n        <meta charset="UTF-8">\r\n        <meta name="viewport" content="width=device-width, initial-scale=1.0">\r\n    </head>\r\n    <body>\r\n        <table style="color: #207580;">\r\n            <tr>\r\n                <td style="font-weight: bold">Dear <span id="EMAIL_SEND_TO">User\'s Name</span>,</td>\r\n            </tr>\r\n            <tr> <td></td> </tr>\r\n            <tr><td></td></tr>\r\n            <tr><td></td></tr>\r\n            <tr><td></td></tr>\r\n            <tr><td></td></tr>\r\n            <tr style="margin-left: 250px">\r\n                <td><ul></ul><ul></ul>Bill number <span id="BILL_NUMBER">001255</span> has been submitted by <span id="CREATED_BY">created by</span> for the approval of <span id="APPROVAL_GROUP">Project Manager</span> approval group, But there is no user found in this approval group. </td>\r\n            </tr>\r\n            <tr><td></td></tr>\r\n            <tr><td></td></tr>\r\n            <tr><td></td></tr>\r\n            <tr>\r\n                <td>If you have any comments or questions, please do not hesitate to contact us at <span style="font-weight: bold"><a href="mailto:support@papertrl.com">support@papertrl.com</a></span></td>\r\n            </tr>\r\n            <tr><td></td></tr>\r\n            <tr><td></td></tr>\r\n            <tr><td></td></tr>\r\n            <tr><td></td></tr>\r\n            <tr><td></td></tr>\r\n            <tr><td></td></tr>\r\n            <tr style="margin-top: 65px">\r\n                <td>\r\n                    <span style="font-weight: bold"><ul></ul><ul></ul><ul></ul><ul></ul>Thank You!</span>\r\n                </td>\r\n            </tr>\r\n            <tr>\r\n                <td>\r\n                    <img style="width: 170px;height: 45px;" src="https://papertrl.com/wp-content/uploads/2019/09/logo.png"/>\r\n                </td>\r\n            </tr>\r\n            <tr>\r\n                <td>This email is an automated notification, Replies to this message will not be read or responded to. We\'re happy to help you with any questions or concerns you may have. Please contact us directly 24/7 via <span style="font-weight: bold">support@papertrl.com</span>\r\n                    <p class="MsoNormal"><span style="font-size:8.0pt;color:#207580">CONFIDENTIALITY NOTICE: This e-mail transmission, and any attachments, is intended only for the use of PaperTrl Inc. or recipient named above and may contain information that\r\n                            is confidential, privileged and exempt from disclosure under applicable law. If you are not the intended recipient or authorized to receive this message for the recipient, you must not use, copy, disclose or take any action based on this message or any information\r\n                            herein. If you have received this message in error, please advise the sender immediately.</span><span style="font-size:8.0pt;color:#014708"></span></p>\r\n                    <p><span style="font-size:18.0pt;font-family:Webdings;color:green">P</span><span style="color:black">\r\n                        </span><span style="font-size:10.0pt;font-family:&quot;Helvetica&quot;,sans-serif;color:green">Be Environmentally Responsible. Please don\'t print this e-mail unless you really need to.</span><u></u><u></u></p>\r\n                </td>\r\n            </tr>\r\n        </table>\r\n    </body>\r\n</html>', 14, 'A', 'admin', '2021-05-26', NULL, NULL, NULL, NULL),
	(13, 'PO_SUBMITTED_TO_APPROVAL_GROUP', 'Purchase Order (PO-NO) has submitted for your approval', '<html>\r\n    <head>\r\n        <meta charset="UTF-8">\r\n        <meta name="viewport" content="width=device-width, initial-scale=1.0">\r\n    </head>\r\n    <body>\r\n        <table style="color: #207580;">\r\n            <tr>\r\n                <td style="font-weight: bold">Dear <span id="EMAIL_SEND_TO">name of assigned approver</span>,</td>\r\n            </tr>\r\n            <tr> <td></td> </tr>\r\n            <tr><td></td></tr>\r\n            <tr><td></td></tr>\r\n            <tr><td></td></tr>\r\n            <tr><td></td></tr>\r\n            <tr style="margin-left: 250px">\r\n                <td><ul></ul><ul></ul>Purchase Order <span id="PO_NUMBER" > Purchase Order Number </span> has been submitted by <span id="SUBMITTED_BY"> Name of Submitted Person </span> for the approval of <span id="APPROVAL_GROUP">Project Manager</span> Approval Group. </td>\r\n            </tr>\r\n			<tr><td></td></tr>\r\n			<tr><td></td></tr>\r\n			<td>Please log in to <a id="URL" href="">PaperTrl</a> <span id="ACCOUNT_NAME"></span> to Approve or Reject the Purchase Order.</td>\r\n            <tr><td></td></tr>\r\n            <tr><td></td></tr>\r\n            <tr><td></td></tr>\r\n            <tr>\r\n                <td>If you have any comments or questions, please do not hesitate to contact us at <span style="font-weight: bold"><a href="mailto:support@papertrl.com">support@papertrl.com.</a></span></td>\r\n            </tr>\r\n            <tr><td></td></tr>\r\n            <tr><td></td></tr>\r\n            <tr><td></td></tr>\r\n            <tr><td></td></tr>\r\n            <tr><td></td></tr>\r\n            <tr><td></td></tr>\r\n            <tr style="margin-top: 65px">\r\n                <td>\r\n                    <span style="font-weight: bold"><ul></ul><ul></ul><ul></ul><ul></ul>Thank You!</span>\r\n                </td>\r\n            </tr>\r\n            <tr>\r\n                <td>\r\n                    <img style="width: 170px;height: 45px;" src="https://papertrl.com/wp-content/uploads/2019/09/logo.png"/>\r\n                </td>\r\n            </tr>\r\n            <tr>\r\n                <td>This email is an automated notification, Replies to this message will not be read or responded to. We\'re happy to help you with any questions or concerns you may have. Please contact us directly 24/7 via <span style="font-weight: bold">support@papertrl.com</span>\r\n                    <p class="MsoNormal"><span style="font-size:8.0pt;color:#207580">CONFIDENTIALITY NOTICE: This e-mail transmission, and any attachments, is intended only for the use of PaperTrl Inc. or recipient named above and may contain information that\r\n                            is confidential, privileged and exempt from disclosure under applicable law. If you are not the intended recipient or authorized to receive this message for the recipient, you must not use, copy, disclose or take any action based on this message or any information\r\n                            herein. If you have received this message in error, please advise the sender immediately.</span><span style="font-size:8.0pt;color:#014708"></span></p>\r\n                    <p><span style="font-size:18.0pt;font-family:Webdings;color:green">P</span><span style="color:black">\r\n                        </span><span style="font-size:10.0pt;font-family:&quot;Helvetica&quot;,sans-serif;color:green">Be Environmentally Responsible. Please don\'t print this e-mail unless you really need to.</span><u></u><u></u></p>\r\n                </td>\r\n            </tr>\r\n        </table>\r\n    </body>\r\n</html>', 15, 'A', 'admin', '2021-05-28', NULL, NULL, NULL, NULL),
	(14, 'PO_ASSIGNEE_LIST_EMPTY', 'No user found in the approval group to approve', '<html>\r\n    <head>\r\n        <meta charset="UTF-8">\r\n        <meta name="viewport" content="width=device-width, initial-scale=1.0">\r\n    </head>\r\n    <body>\r\n        <table style="color: #207580;">\r\n            <tr>\r\n                <td style="font-weight: bold">Dear <span id="EMAIL_SEND_TO">User\'s Name</span>,</td>\r\n            </tr>\r\n            <tr> <td></td> </tr>\r\n            <tr><td></td></tr>\r\n            <tr><td></td></tr>\r\n            <tr><td></td></tr>\r\n            <tr><td></td></tr>\r\n            <tr style="margin-left: 250px">\r\n                <td><ul></ul><ul></ul>Purchase Order <span id="PO_NUMBER">001255</span> has been submitted by <span id="CREATED_BY">created by</span> for the approval of <span id="APPROVAL_GROUP">Project Manager</span> approval group, But there is no user found in this approval group. </td>\r\n            </tr>\r\n            <tr><td></td></tr>\r\n            <tr><td></td></tr>\r\n            <tr><td></td></tr>\r\n            <tr>\r\n                <td>If you have any comments or questions, please do not hesitate to contact us at <span style="font-weight: bold"><a href="mailto:support@papertrl.com">support@papertrl.com</a></span></td>\r\n            </tr>\r\n            <tr><td></td></tr>\r\n            <tr><td></td></tr>\r\n            <tr><td></td></tr>\r\n            <tr><td></td></tr>\r\n            <tr><td></td></tr>\r\n            <tr><td></td></tr>\r\n            <tr style="margin-top: 65px">\r\n                <td>\r\n                    <span style="font-weight: bold"><ul></ul><ul></ul><ul></ul><ul></ul>Thank You!</span>\r\n                </td>\r\n            </tr>\r\n            <tr>\r\n                <td>\r\n                    <img style="width: 170px;height: 45px;" src="https://papertrl.com/wp-content/uploads/2019/09/logo.png"/>\r\n                </td>\r\n            </tr>\r\n            <tr>\r\n                <td>This email is an automated notification, Replies to this message will not be read or responded to. We\'re happy to help you with any questions or concerns you may have. Please contact us directly 24/7 via <span style="font-weight: bold">support@papertrl.com</span>\r\n                    <p class="MsoNormal"><span style="font-size:8.0pt;color:#207580">CONFIDENTIALITY NOTICE: This e-mail transmission, and any attachments, is intended only for the use of PaperTrl Inc. or recipient named above and may contain information that\r\n                            is confidential, privileged and exempt from disclosure under applicable law. If you are not the intended recipient or authorized to receive this message for the recipient, you must not use, copy, disclose or take any action based on this message or any information\r\n                            herein. If you have received this message in error, please advise the sender immediately.</span><span style="font-size:8.0pt;color:#014708"></span></p>\r\n                    <p><span style="font-size:18.0pt;font-family:Webdings;color:green">P</span><span style="color:black">\r\n                        </span><span style="font-size:10.0pt;font-family:&quot;Helvetica&quot;,sans-serif;color:green">Be Environmentally Responsible. Please don\'t print this e-mail unless you really need to.</span><u></u><u></u></p>\r\n                </td>\r\n            </tr>\r\n        </table>\r\n    </body>\r\n</html>', 16, 'A', 'admin', '2021-05-28', NULL, NULL, NULL, NULL),
	(15, 'PO_SUBMITTED_TO_VENDOR_APPROVAL', 'Purchase Order (PO-NO) has submitted for your approval', '<html>\r\n    <head>\r\n        <meta charset="UTF-8">\r\n        <meta name="viewport" content="width=device-width, initial-scale=1.0">\r\n    </head>\r\n    <body>\r\n        <table style="color: #207580;">\r\n            <tr>\r\n                <td style="font-weight: bold">Dear <span id="EMAIL_SEND_TO">name of the vendor</span>,</td>\r\n            </tr>\r\n            <tr> <td></td> </tr>\r\n            <tr><td></td></tr>\r\n            <tr><td></td></tr>\r\n            <tr><td></td></tr>\r\n            <tr><td></td></tr>\r\n            <tr style="margin-left: 250px">\r\n                <td><ul></ul><ul></ul>Purchase Order <span id="PO_NUMBER" > Purchase Order Number </span> has been submitted by <span id="SUBMITTED_BY" > Name of Submitted Person </span> for your approval. </td>\r\n            </tr>\r\n			<tr><td></td></tr>\r\n			<tr><td></td></tr>\r\n			<td>Please log in to <a id="URL" href="">PaperTrl</a> <span id="ACCOUNT_NAME"></span> to Approve or Reject the Purchase Order.</td>\r\n            <tr><td></td></tr>\r\n            <tr><td></td></tr>\r\n            <tr><td></td></tr>\r\n            <tr>\r\n                <td>If you have any comments or questions, please do not hesitate to contact us at <span style="font-weight: bold"><a href="mailto:support@papertrl.com">support@papertrl.com.</a></span></td>\r\n            </tr>\r\n            <tr><td></td></tr>\r\n            <tr><td></td></tr>\r\n            <tr><td></td></tr>\r\n            <tr><td></td></tr>\r\n            <tr><td></td></tr>\r\n            <tr><td></td></tr>\r\n            <tr style="margin-top: 65px">\r\n                <td>\r\n                    <span style="font-weight: bold"><ul></ul><ul></ul><ul></ul><ul></ul>Thank You!</span>\r\n                </td>\r\n            </tr>\r\n            <tr>\r\n                <td>\r\n                    <img style="width: 170px;height: 45px;" src="https://papertrl.com/wp-content/uploads/2019/09/logo.png"/>\r\n                </td>\r\n            </tr>\r\n            <tr>\r\n                <td>This email is an automated notification, Replies to this message will not be read or responded to. We\'re happy to help you with any questions or concerns you may have. Please contact us directly 24/7 via <span style="font-weight: bold">support@papertrl.com</span>\r\n                    <p class="MsoNormal"><span style="font-size:8.0pt;color:#207580">CONFIDENTIALITY NOTICE: This e-mail transmission, and any attachments, is intended only for the use of PaperTrl Inc. or recipient named above and may contain information that\r\n                            is confidential, privileged and exempt from disclosure under applicable law. If you are not the intended recipient or authorized to receive this message for the recipient, you must not use, copy, disclose or take any action based on this message or any information\r\n                            herein. If you have received this message in error, please advise the sender immediately.</span><span style="font-size:8.0pt;color:#014708"></span></p>\r\n                    <p><span style="font-size:18.0pt;font-family:Webdings;color:green">P</span><span style="color:black">\r\n                        </span><span style="font-size:10.0pt;font-family:&quot;Helvetica&quot;,sans-serif;color:green">Be Environmentally Responsible. Please don\'t print this e-mail unless you really need to.</span><u></u><u></u></p>\r\n                </td>\r\n            </tr>\r\n        </table>\r\n    </body>\r\n</html>', 16, 'A', 'admin', '2021-05-28', NULL, NULL, NULL, NULL),
	(16, 'EXPENSE_SUBMITTED_TO_APPROVAL_GROUP', 'Expense (EXPENSE-NAME) has submitted for your approval', '<html>\r\n    <head>\r\n        <meta charset="UTF-8">\r\n        <meta name="viewport" content="width=device-width, initial-scale=1.0">\r\n    </head>\r\n    <body>\r\n        <table style="color: #207580;">\r\n            <tr>\r\n                <td style="font-weight: bold">Dear <span id="EMAIL_SEND_TO">name of assigned approver</span>,</td>\r\n            </tr>\r\n            <tr> <td></td> </tr>\r\n            <tr><td></td></tr>\r\n            <tr><td></td></tr>\r\n            <tr><td></td></tr>\r\n            <tr><td></td></tr>\r\n            <tr style="margin-left: 250px">\r\n                <td><ul></ul><ul></ul>Expense Report <span id="REPORT_NAME" > Expense Report Name </span> has been submitted by <span id="SUBMITTED_BY" > Name of the submitted person </span> for the approval of <span id="APPROVAL_GROUP">Project Manager</span> Approval Group. </td>\r\n            </tr>\r\n			<tr><td></td></tr>\r\n			<tr><td></td></tr>\r\n			<td>Please log in to <a id="URL" href="">PaperTrl</a> <span id="ACCOUNT_NAME"></span> to Approve or Reject the expense report.</td>\r\n            <tr><td></td></tr>\r\n            <tr><td></td></tr>\r\n            <tr><td></td></tr>\r\n            <tr>\r\n                <td>If you have any comments or questions, please do not hesitate to contact us at <span style="font-weight: bold"><a href="mailto:support@papertrl.com">support@papertrl.com.</a></span></td>\r\n            </tr>\r\n            <tr><td></td></tr>\r\n            <tr><td></td></tr>\r\n            <tr><td></td></tr>\r\n            <tr><td></td></tr>\r\n            <tr><td></td></tr>\r\n            <tr><td></td></tr>\r\n            <tr style="margin-top: 65px">\r\n                <td>\r\n                    <span style="font-weight: bold"><ul></ul><ul></ul><ul></ul><ul></ul>Thank You!</span>\r\n                </td>\r\n            </tr>\r\n            <tr>\r\n                <td>\r\n                    <img style="width: 170px;height: 45px;" src="https://papertrl.com/wp-content/uploads/2019/09/logo.png"/>\r\n                </td>\r\n            </tr>\r\n            <tr>\r\n                <td>This email is an automated notification, Replies to this message will not be read or responded to. We\'re happy to help you with any questions or concerns you may have. Please contact us directly 24/7 via <span style="font-weight: bold">support@papertrl.com</span>\r\n                    <p class="MsoNormal"><span style="font-size:8.0pt;color:#207580">CONFIDENTIALITY NOTICE: This e-mail transmission, and any attachments, is intended only for the use of PaperTrl Inc. or recipient named above and may contain information that\r\n                            is confidential, privileged and exempt from disclosure under applicable law. If you are not the intended recipient or authorized to receive this message for the recipient, you must not use, copy, disclose or take any action based on this message or any information\r\n                            herein. If you have received this message in error, please advise the sender immediately.</span><span style="font-size:8.0pt;color:#014708"></span></p>\r\n                    <p><span style="font-size:18.0pt;font-family:Webdings;color:green">P</span><span style="color:black">\r\n                        </span><span style="font-size:10.0pt;font-family:&quot;Helvetica&quot;,sans-serif;color:green">Be Environmentally Responsible. Please don\'t print this e-mail unless you really need to.</span><u></u><u></u></p>\r\n                </td>\r\n            </tr>\r\n        </table>\r\n    </body>\r\n</html>', 17, 'A', 'admin', '2021-05-29', NULL, NULL, NULL, NULL),
	(17, 'EXPENSE_ASSIGNEE_LIST_EMPTY', 'No users found in the approval group to approve', '<html>\r\n    <head>\r\n        <meta charset="UTF-8">\r\n        <meta name="viewport" content="width=device-width, initial-scale=1.0">\r\n    </head>\r\n    <body>\r\n        <table style="color: #207580;">\r\n            <tr>\r\n                <td style="font-weight: bold">Dear <span id="EMAIL_SEND_TO">User\'s Name</span>,</td>\r\n            </tr>\r\n            <tr> <td></td> </tr>\r\n            <tr><td></td></tr>\r\n            <tr><td></td></tr>\r\n            <tr><td></td></tr>\r\n            <tr><td></td></tr>\r\n            <tr style="margin-left: 250px">\r\n                <td><ul></ul><ul></ul>Expense report  <span id="REPORT_NAME" > Expense Report Name </span> has been submitted by <span id="CREATED_BY">created by</span> for the approval of <span id="APPROVAL_GROUP">Project Manager</span> approval group, But there is no user found in this approval group. </td>\r\n            </tr>\r\n            <tr><td></td></tr>\r\n            <tr><td></td></tr>\r\n            <tr><td></td></tr>\r\n            <tr>\r\n                <td>If you have any comments or questions, please do not hesitate to contact us at <span style="font-weight: bold"><a id="URL" href="">support@papertrl.com</a></span></td>\r\n            </tr>\r\n            <tr><td></td></tr>\r\n            <tr><td></td></tr>\r\n            <tr><td></td></tr>\r\n            <tr><td></td></tr>\r\n            <tr><td></td></tr>\r\n            <tr><td></td></tr>\r\n            <tr style="margin-top: 65px">\r\n                <td>\r\n                    <span style="font-weight: bold"><ul></ul><ul></ul><ul></ul><ul></ul>Thank You!</span>\r\n                </td>\r\n            </tr>\r\n            <tr>\r\n                <td>\r\n                    <img style="width: 170px;height: 45px;" src="https://papertrl.com/wp-content/uploads/2019/09/logo.png"/>\r\n                </td>\r\n            </tr>\r\n            <tr>\r\n                <td>This email is an automated notification, Replies to this message will not be read or responded to. We\'re happy to help you with any questions or concerns you may have. Please contact us directly 24/7 via <span style="font-weight: bold">support@papertrl.com</span>\r\n                    <p class="MsoNormal"><span style="font-size:8.0pt;color:#207580">CONFIDENTIALITY NOTICE: This e-mail transmission, and any attachments, is intended only for the use of PaperTrl Inc. or recipient named above and may contain information that\r\n                            is confidential, privileged and exempt from disclosure under applicable law. If you are not the intended recipient or authorized to receive this message for the recipient, you must not use, copy, disclose or take any action based on this message or any information\r\n                            herein. If you have received this message in error, please advise the sender immediately.</span><span style="font-size:8.0pt;color:#014708"></span></p>\r\n                    <p><span style="font-size:18.0pt;font-family:Webdings;color:green">P</span><span style="color:black">\r\n                        </span><span style="font-size:10.0pt;font-family:&quot;Helvetica&quot;,sans-serif;color:green">Be Environmentally Responsible. Please don\'t print this e-mail unless you really need to.</span><u></u><u></u></p>\r\n                </td>\r\n            </tr>\r\n        </table>\r\n    </body>\r\n</html>', 18, 'A', 'admin', '2021-05-29', NULL, NULL, NULL, NULL);
/*!40000 ALTER TABLE `common_notification_email_template` ENABLE KEYS */;

DROP TABLE IF EXISTS `common_notification_subscription_event`;
CREATE TABLE IF NOT EXISTS `common_notification_subscription_event` (
  `id` int(11) NOT NULL AUTO_INCREMENT,
  `event` varchar(150) NOT NULL,
  `enable_notification` tinyint(1) NOT NULL DEFAULT 0,
  `enable_email` tinyint(1) NOT NULL DEFAULT 0,
  `status` char(1) NOT NULL,
  `subscription_type_id` int(15) NOT NULL,
  PRIMARY KEY (`id`),
  KEY `FK_common_notification_subscription_type` (`subscription_type_id`),
  CONSTRAINT `FK_common_notification_subscription_type` FOREIGN KEY (`subscription_type_id`) REFERENCES `common_notification_subscription_type` (`id`)
) ENGINE=InnoDB AUTO_INCREMENT=19 DEFAULT CHARSET=latin1;

/*!40000 ALTER TABLE `common_notification_subscription_event` DISABLE KEYS */;
INSERT INTO `common_notification_subscription_event` (`id`, `event`, `enable_notification`, `enable_email`, `status`, `subscription_type_id`) VALUES
	(1, 'When a bill submitted for your approval', 1, 1, 'A', 1),
	(2, 'When your submitted bill has been Approved', 1, 1, 'A', 1),
	(3, 'When your submitted bill has been Rejected', 1, 1, 'A', 1),
	(4, 'When a purchase order submitted for your approval', 1, 1, 'A', 2),
	(5, 'When your submitted purchase order has been Approved', 1, 1, 'A', 2),
	(6, 'When your submitted purchase order has been Rejected', 1, 1, 'A', 2),
	(7, 'When an expense submitted for your approval', 1, 1, 'A', 4),
	(8, 'When your submitted expense has been Approved', 1, 1, 'A', 4),
	(9, 'When your submitted expense has been Rejected', 1, 1, 'A', 4),
	(10, 'When you\'ve received a payment', 1, 1, 'A', 5),
	(11, 'When your received payment void', 1, 1, 'A', 5),
	(12, 'When System creates new vendor', 1, 0, 'A', 6),
	(13, 'When a bill submitted for your group to approval', 1, 1, 'A', 1),
	(14, 'When no approval users for approval', 1, 1, 'A', 1),
	(15, 'When a purchase order submitted for your group to approval', 1, 1, 'A', 2),
	(16, 'When no approval users for approval', 1, 1, 'A', 2),
	(17, 'When a Expense submitted for your group to approval', 1, 1, 'A', 4),
	(18, 'When no approval users for approval', 1, 1, 'A', 4);
/*!40000 ALTER TABLE `common_notification_subscription_event` ENABLE KEYS */;

DROP TABLE IF EXISTS `common_notification_subscription_privilege`;
CREATE TABLE IF NOT EXISTS `common_notification_subscription_privilege` (
  `id` int(11) NOT NULL AUTO_INCREMENT,
  `subscription_event_id` int(15) NOT NULL,
  `menu_privilege` int(15) NOT NULL,
  PRIMARY KEY (`id`),
  KEY `FK_privilege_common_notification_subscription_event` (`subscription_event_id`),
  KEY `FK_privilege_umm_menu_privilage` (`menu_privilege`),
  CONSTRAINT `FK_privilege_common_notification_subscription_event` FOREIGN KEY (`subscription_event_id`) REFERENCES `common_notification_subscription_event` (`id`),
  CONSTRAINT `FK_privilege_umm_menu_privilage` FOREIGN KEY (`menu_privilege`) REFERENCES `umm_menu_privilage` (`id`)
) ENGINE=InnoDB AUTO_INCREMENT=30 DEFAULT CHARSET=latin1;

/*!40000 ALTER TABLE `common_notification_subscription_privilege` DISABLE KEYS */;
INSERT INTO `common_notification_subscription_privilege` (`id`, `subscription_event_id`, `menu_privilege`) VALUES
	(1, 1, 64),
	(2, 1, 66),
	(3, 1, 119),
	(4, 2, 61),
	(5, 2, 62),
	(6, 3, 61),
	(7, 3, 62),
	(8, 13, 64),
	(9, 13, 66),
	(10, 13, 119),
	(11, 14, 119),
	(12, 4, 88),
	(13, 4, 89),
	(14, 4, 120),
	(15, 5, 84),
	(16, 6, 84),
	(17, 15, 88),
	(18, 15, 89),
	(19, 15, 120),
	(20, 16, 120),
	(21, 7, 105),
	(22, 7, 106),
	(23, 7, 111),
	(24, 8, 102),
	(25, 9, 102),
	(26, 17, 105),
	(27, 17, 106),
	(28, 17, 111),
	(29, 18, 111);
/*!40000 ALTER TABLE `common_notification_subscription_privilege` ENABLE KEYS */;

DROP TABLE IF EXISTS `common_notification_subscription_type`;
CREATE TABLE IF NOT EXISTS `common_notification_subscription_type` (
  `id` int(11) NOT NULL AUTO_INCREMENT,
  `name` varchar(50) NOT NULL,
  `status` char(1) NOT NULL,
  PRIMARY KEY (`id`)
) ENGINE=InnoDB AUTO_INCREMENT=7 DEFAULT CHARSET=latin1;

/*!40000 ALTER TABLE `common_notification_subscription_type` DISABLE KEYS */;
INSERT INTO `common_notification_subscription_type` (`id`, `name`, `status`) VALUES
	(1, 'Bill', 'A'),
	(2, 'Purchase Order', 'A'),
	(3, 'Purchase Order Receipt', 'A'),
	(4, 'Expense', 'A'),
	(5, 'Payment', 'A'),
	(6, 'Vendor', 'A');
/*!40000 ALTER TABLE `common_notification_subscription_type` ENABLE KEYS */;

DROP TABLE IF EXISTS `common_notification_subscription_user_wise`;
CREATE TABLE IF NOT EXISTS `common_notification_subscription_user_wise` (
  `id` int(11) NOT NULL AUTO_INCREMENT,
  `event_id` int(11) NOT NULL,
  `user_id` varchar(50) NOT NULL,
  `enable_notification` tinyint(4) NOT NULL DEFAULT 0,
  `enable_email` tinyint(4) NOT NULL DEFAULT 0,
  `created_by` varchar(100) NOT NULL,
  `created_on` date NOT NULL,
  `update_by` varchar(100) DEFAULT NULL,
  `update_on` date DEFAULT NULL,
  `delete_by` varchar(100) DEFAULT NULL,
  `delete_on` date DEFAULT NULL,
  PRIMARY KEY (`id`)
) ENGINE=InnoDB DEFAULT CHARSET=latin1;

/*!40000 ALTER TABLE `common_notification_subscription_user_wise` DISABLE KEYS */;
/*!40000 ALTER TABLE `common_notification_subscription_user_wise` ENABLE KEYS */;

/*!40101 SET SQL_MODE=IFNULL(@OLD_SQL_MODE, '') */;
/*!40014 SET FOREIGN_KEY_CHECKS=IFNULL(@OLD_FOREIGN_KEY_CHECKS, 1) */;
/*!40101 SET CHARACTER_SET_CLIENT=@OLD_CHARACTER_SET_CLIENT */;
/*!40111 SET SQL_NOTES=IFNULL(@OLD_SQL_NOTES, 1) */;
