-----------Dimuthu----2.1.79-----------------------

------------------ grid templates -----------------


INSERT INTO `common_grid_template` (`id`, `grid_name`) VALUES (32, 'PAYMENT_APPROVED_BILL');
INSERT INTO `common_grid_template` (`id`, `grid_name`) VALUES (33, 'PAYMENT_UNDER_APPROVED_BILL');
INSERT INTO `common_grid_template` (`id`, `grid_name`) VALUES (34, 'PAYMENT_REVIEW');
INSERT INTO `common_grid_template` (`id`, `grid_name`) VALUES (35, 'PAYMENT_UNDER_REVIEW');
INSERT INTO `common_grid_template` (`id`, `grid_name`) VALUES (36, 'PAYMENT_BATCH_WISE');
INSERT INTO `common_grid_template` (`id`, `grid_name`) VALUES (37, 'PAYMENT_UNDER_BATCH_WISE');
INSERT INTO `common_grid_template` (`id`, `grid_name`) VALUES (38, 'PAYMENT_VENDOR_WISE');
INSERT INTO `common_grid_template` (`id`, `grid_name`) VALUES (39, 'PAYMENT_UNDER_VENDOR_WISE');

----------------------- grid states -----------------------------

INSERT INTO `common_grid_state_template` (`grid_id`, `start_from`, `total_rows`, `column_widths`) VALUES (32, 0, 10, '50,50,100,210,210,210,210,210,210,210,210,210,210,210,210,210,210');
INSERT INTO `common_grid_state_template` (`grid_id`, `start_from`, `total_rows`, `column_widths`) VALUES (33, 0, 10, '210,210,210,210,210,210');
INSERT INTO `common_grid_state_template` (`grid_id`, `start_from`, `total_rows`, `column_widths`) VALUES (34, 0, 10, '50,200,200,200,200,50');
INSERT INTO `common_grid_state_template` (`grid_id`, `start_from`, `total_rows`, `column_widths`) VALUES (35, 0, 10, '210,210,210,210,210,210');
INSERT INTO `common_grid_state_template` (`grid_id`, `start_from`, `total_rows`, `column_widths`) VALUES (36, 0, 10, '50,100,210,210,210,210,210,210,210,210,100,210,210,210,210');
INSERT INTO `common_grid_state_template` (`grid_id`, `start_from`, `total_rows`, `column_widths`) VALUES (37, 0, 10, '210,210,210,210,210,210,210,210,210');
INSERT INTO `common_grid_state_template` (`grid_id`, `start_from`, `total_rows`, `column_widths`) VALUES (38, 0, 10, '50,100,210,210,210,210,210,210');
INSERT INTO `common_grid_state_template` (`grid_id`, `start_from`, `total_rows`, `column_widths`) VALUES (39, 0, 10, '210,210,210,210,210,210,210');

----------------------- column templates ---------------

INSERT INTO `common_grid_column_template` (`grid_id`, `field`, `header`, `column_show`, `is_sortable`, `is_re_orderable`, `is_re_sizable`, `can_hide`, `align`, `search_type`, `placeholder`, `column_order`, `drop_down_id`, `drop_down_url`) VALUES (32, 'checkbox', NULL, 1, 0, 0, 0, 0, 'center', 'checkbox', '', 1, NULL, '');
INSERT INTO `common_grid_column_template` (`grid_id`, `field`, `header`, `column_show`, `is_sortable`, `is_re_orderable`, `is_re_sizable`, `can_hide`, `align`, `search_type`, `placeholder`, `column_order`, `drop_down_id`, `drop_down_url`) VALUES (32, 'action', 'Action', 1, 0, 0, 0, 0, 'center', 'actionButton', '', 3, NULL, '');
INSERT INTO `common_grid_column_template` (`grid_id`, `field`, `header`, `column_show`, `is_sortable`, `is_re_orderable`, `is_re_sizable`, `can_hide`, `align`, `search_type`, `placeholder`, `column_order`, `drop_down_id`, `drop_down_url`) VALUES (32, 'vendor.vendorName', 'Vendor', 1, 1, 1, 1, 1, 'left', 'multiSelect', 'Vendor', 4, NULL, '');
INSERT INTO `common_grid_column_template` (`grid_id`, `field`, `header`, `column_show`, `is_sortable`, `is_re_orderable`, `is_re_sizable`, `can_hide`, `align`, `search_type`, `placeholder`, `column_order`, `drop_down_id`, `drop_down_url`) VALUES (32, 'bill.billNo', 'Bill Number', 1, 1, 1, 1, 1, 'left', 'input', 'Bill Number', 5, NULL, '');
INSERT INTO `common_grid_column_template` (`grid_id`, `field`, `header`, `column_show`, `is_sortable`, `is_re_orderable`, `is_re_sizable`, `can_hide`, `align`, `search_type`, `placeholder`, `column_order`, `drop_down_id`, `drop_down_url`) VALUES (32, 'bill.billDate', 'Bill Date', 1, 1, 1, 1, 1, 'center', 'date', 'Bill Date', 6, NULL, '');
INSERT INTO `common_grid_column_template` (`grid_id`, `field`, `header`, `column_show`, `is_sortable`, `is_re_orderable`, `is_re_sizable`, `can_hide`, `align`, `search_type`, `placeholder`, `column_order`, `drop_down_id`, `drop_down_url`) VALUES (32, 'bill.billAmount', 'Amount', 1, 1, 1, 1, 1, 'right', 'numeric', 'Amount', 8, NULL, '');
INSERT INTO `common_grid_column_template` (`grid_id`, `field`, `header`, `column_show`, `is_sortable`, `is_re_orderable`, `is_re_sizable`, `can_hide`, `align`, `search_type`, `placeholder`, `column_order`, `drop_down_id`, `drop_down_url`) VALUES (32, 'bill.paidAmount', 'Paid Amount', 1, 1, 1, 1, 1, 'right', 'numeric', 'Paid Amount', 9, NULL, '');
INSERT INTO `common_grid_column_template` (`grid_id`, `field`, `header`, `column_show`, `is_sortable`, `is_re_orderable`, `is_re_sizable`, `can_hide`, `align`, `search_type`, `placeholder`, `column_order`, `drop_down_id`, `drop_down_url`) VALUES (32, 'bill.balanceAmount', 'Balance Amount', 1, 0, 1, 1, 1, 'right', 'numeric', 'Balance Amount', 10, NULL, '');
INSERT INTO `common_grid_column_template` (`grid_id`, `field`, `header`, `column_show`, `is_sortable`, `is_re_orderable`, `is_re_sizable`, `can_hide`, `align`, `search_type`, `placeholder`, `column_order`, `drop_down_id`, `drop_down_url`) VALUES (32, 'bill.paymentType', 'Payment Type', 1, 0, 1, 1, 1, 'left', 'input', 'Payment Type', 12, NULL, '');
INSERT INTO `common_grid_column_template` (`grid_id`, `field`, `header`, `column_show`, `is_sortable`, `is_re_orderable`, `is_re_sizable`, `can_hide`, `align`, `search_type`, `placeholder`, `column_order`, `drop_down_id`, `drop_down_url`) VALUES (32, 'bill.paymentAmount', 'Payment Amount', 1, 0, 1, 1, 1, 'right', 'numeric', 'Payment Amount', 13, NULL, '');
INSERT INTO `common_grid_column_template` (`grid_id`, `field`, `header`, `column_show`, `is_sortable`, `is_re_orderable`, `is_re_sizable`, `can_hide`, `align`, `search_type`, `placeholder`, `column_order`, `drop_down_id`, `drop_down_url`) VALUES (32, 'bill.applicableDiscount', 'Applied Discount', 1, 0, 1, 1, 1, 'right', 'numeric', 'Applied Discount', 14, NULL, '');
INSERT INTO `common_grid_column_template` (`grid_id`, `field`, `header`, `column_show`, `is_sortable`, `is_re_orderable`, `is_re_sizable`, `can_hide`, `align`, `search_type`, `placeholder`, `column_order`, `drop_down_id`, `drop_down_url`) VALUES (32, 'bill.paymentStatus', 'Payment Status', 1, 1, 1, 1, 1, 'center', 'dropdown', 'Payment Status', 15, 16, '');
INSERT INTO `common_grid_column_template` (`grid_id`, `field`, `header`, `column_show`, `is_sortable`, `is_re_orderable`, `is_re_sizable`, `can_hide`, `align`, `search_type`, `placeholder`, `column_order`, `drop_down_id`, `drop_down_url`) VALUES (32, 'bill.dueDate', 'Due Date', 1, 1, 1, 1, 1, 'center', 'date', 'Due Date', 7, NULL, '');
INSERT INTO `common_grid_column_template` (`grid_id`, `field`, `header`, `column_show`, `is_sortable`, `is_re_orderable`, `is_re_sizable`, `can_hide`, `align`, `search_type`, `placeholder`, `column_order`, `drop_down_id`, `drop_down_url`) VALUES (32, 'comment', 'Comment', 1, 0, 1, 1, 1, 'left', 'input', 'Comment', 13, NULL, '');
INSERT INTO `common_grid_column_template` (`grid_id`, `field`, `header`, `column_show`, `is_sortable`, `is_re_orderable`, `is_re_sizable`, `can_hide`, `align`, `search_type`, `placeholder`, `column_order`, `drop_down_id`, `drop_down_url`) VALUES (32, 'expand', '', 1, 0, 0, 0, 0, 'center', 'expand', '', 2, NULL, '');
INSERT INTO `common_grid_column_template` (`grid_id`, `field`, `header`, `column_show`, `is_sortable`, `is_re_orderable`, `is_re_sizable`, `can_hide`, `align`, `search_type`, `placeholder`, `column_order`, `drop_down_id`, `drop_down_url`) VALUES (32, 'bill.referenceNo', 'Reference No', 1, 0, 1, 1, 1, 'left', 'input', 'Reference No', 11, NULL, '');
INSERT INTO `common_grid_column_template` (`grid_id`, `field`, `header`, `column_show`, `is_sortable`, `is_re_orderable`, `is_re_sizable`, `can_hide`, `align`, `search_type`, `placeholder`, `column_order`, `drop_down_id`, `drop_down_url`) VALUES (33, 'txn.batchId', 'Batch ID', 1, 0, 0, 0, 0, 'left', 'input', 'Batch ID', 1, NULL, '');
INSERT INTO `common_grid_column_template` (`grid_id`, `field`, `header`, `column_show`, `is_sortable`, `is_re_orderable`, `is_re_sizable`, `can_hide`, `align`, `search_type`, `placeholder`, `column_order`, `drop_down_id`, `drop_down_url`) VALUES (33, 'txn.txnRef', 'Referance Number', 1, 0, 0, 0, 0, 'left', 'input', 'Referance Number', 2, NULL, '');
INSERT INTO `common_grid_column_template` (`grid_id`, `field`, `header`, `column_show`, `is_sortable`, `is_re_orderable`, `is_re_sizable`, `can_hide`, `align`, `search_type`, `placeholder`, `column_order`, `drop_down_id`, `drop_down_url`) VALUES (33, 'txn.paymentDate', 'Payment Date', 1, 0, 0, 0, 0, 'center', 'date', 'Payment Date', 3, NULL, '');
INSERT INTO `common_grid_column_template` (`grid_id`, `field`, `header`, `column_show`, `is_sortable`, `is_re_orderable`, `is_re_sizable`, `can_hide`, `align`, `search_type`, `placeholder`, `column_order`, `drop_down_id`, `drop_down_url`) VALUES (33, 'txn.paidAmount', 'Amount', 1, 0, 0, 0, 0, 'right', 'numeric', 'Amount', 4, NULL, '');
INSERT INTO `common_grid_column_template` (`grid_id`, `field`, `header`, `column_show`, `is_sortable`, `is_re_orderable`, `is_re_sizable`, `can_hide`, `align`, `search_type`, `placeholder`, `column_order`, `drop_down_id`, `drop_down_url`) VALUES (33, 'txn.txnType', 'Payment Type', 1, 0, 0, 0, 0, 'left', 'input', 'Payment Type', 5, NULL, '');
INSERT INTO `common_grid_column_template` (`grid_id`, `field`, `header`, `column_show`, `is_sortable`, `is_re_orderable`, `is_re_sizable`, `can_hide`, `align`, `search_type`, `placeholder`, `column_order`, `drop_down_id`, `drop_down_url`) VALUES (33, 'txn.approvalStatus', 'Approval Status', 1, 0, 0, 0, 0, 'center', 'input', 'Approval Status', 6, NULL, '');
INSERT INTO `common_grid_column_template` (`grid_id`, `field`, `header`, `column_show`, `is_sortable`, `is_re_orderable`, `is_re_sizable`, `can_hide`, `align`, `search_type`, `placeholder`, `column_order`, `drop_down_id`, `drop_down_url`) VALUES (33, 'txn.paymentStatus', 'Payment Status', 1, 0, 0, 0, 0, 'center', 'input', 'Payment Status', 7, NULL, '');
INSERT INTO `common_grid_column_template` (`grid_id`, `field`, `header`, `column_show`, `is_sortable`, `is_re_orderable`, `is_re_sizable`, `can_hide`, `align`, `search_type`, `placeholder`, `column_order`, `drop_down_id`, `drop_down_url`) VALUES (34, 'pay.vendor', 'Vendor', 1, 1, 1, 1, 1, 'left', 'input', 'Vendor', 2, NULL, '');
INSERT INTO `common_grid_column_template` (`grid_id`, `field`, `header`, `column_show`, `is_sortable`, `is_re_orderable`, `is_re_sizable`, `can_hide`, `align`, `search_type`, `placeholder`, `column_order`, `drop_down_id`, `drop_down_url`) VALUES (34, 'pay.noOfBills', 'No. of Bills', 1, 1, 1, 1, 1, 'right', 'numeric', 'No. of Bills', 3, NULL, '');
INSERT INTO `common_grid_column_template` (`grid_id`, `field`, `header`, `column_show`, `is_sortable`, `is_re_orderable`, `is_re_sizable`, `can_hide`, `align`, `search_type`, `placeholder`, `column_order`, `drop_down_id`, `drop_down_url`) VALUES (34, 'pay.paymentAmount', 'Payment Amount', 1, 1, 1, 1, 1, 'right', 'numeric', 'Payment Amount', 4, NULL, '');
INSERT INTO `common_grid_column_template` (`grid_id`, `field`, `header`, `column_show`, `is_sortable`, `is_re_orderable`, `is_re_sizable`, `can_hide`, `align`, `search_type`, `placeholder`, `column_order`, `drop_down_id`, `drop_down_url`) VALUES (34, 'pay.balanceToBePaid', 'Balance to be Paid', 1, 1, 1, 1, 1, 'right', 'numeric', 'Balance to be Paid', 5, NULL, '');
INSERT INTO `common_grid_column_template` (`grid_id`, `field`, `header`, `column_show`, `is_sortable`, `is_re_orderable`, `is_re_sizable`, `can_hide`, `align`, `search_type`, `placeholder`, `column_order`, `drop_down_id`, `drop_down_url`) VALUES (34, 'expand', NULL, 1, 0, 0, 0, 0, 'center', 'expand', '', 1, NULL, '');
INSERT INTO `common_grid_column_template` (`grid_id`, `field`, `header`, `column_show`, `is_sortable`, `is_re_orderable`, `is_re_sizable`, `can_hide`, `align`, `search_type`, `placeholder`, `column_order`, `drop_down_id`, `drop_down_url`) VALUES (34, 'delete', NULL, 1, 0, 0, 0, 0, 'center', 'deleteButton', '', 6, NULL, '');
INSERT INTO `common_grid_column_template` (`grid_id`, `field`, `header`, `column_show`, `is_sortable`, `is_re_orderable`, `is_re_sizable`, `can_hide`, `align`, `search_type`, `placeholder`, `column_order`, `drop_down_id`, `drop_down_url`) VALUES (35, 'txn.billNo', 'Bill No', 1, 0, 0, 0, 0, 'left', 'input', 'Bill No', 1, NULL, '');
INSERT INTO `common_grid_column_template` (`grid_id`, `field`, `header`, `column_show`, `is_sortable`, `is_re_orderable`, `is_re_sizable`, `can_hide`, `align`, `search_type`, `placeholder`, `column_order`, `drop_down_id`, `drop_down_url`) VALUES (35, 'txn.billDate', 'Bill Date', 1, 0, 0, 0, 0, 'center', 'date', 'Bill Date', 2, NULL, '');
INSERT INTO `common_grid_column_template` (`grid_id`, `field`, `header`, `column_show`, `is_sortable`, `is_re_orderable`, `is_re_sizable`, `can_hide`, `align`, `search_type`, `placeholder`, `column_order`, `drop_down_id`, `drop_down_url`) VALUES (35, 'txn.billAmount', 'Bill Amount', 1, 0, 0, 0, 0, 'right', 'numeric', 'Bill Amount', 3, NULL, '');
INSERT INTO `common_grid_column_template` (`grid_id`, `field`, `header`, `column_show`, `is_sortable`, `is_re_orderable`, `is_re_sizable`, `can_hide`, `align`, `search_type`, `placeholder`, `column_order`, `drop_down_id`, `drop_down_url`) VALUES (35, 'txn.dueDate', 'Due Date', 1, 0, 0, 0, 0, 'center', 'date', 'Due Date', 4, NULL, '');
INSERT INTO `common_grid_column_template` (`grid_id`, `field`, `header`, `column_show`, `is_sortable`, `is_re_orderable`, `is_re_sizable`, `can_hide`, `align`, `search_type`, `placeholder`, `column_order`, `drop_down_id`, `drop_down_url`) VALUES (35, 'txn.paymentStatus', 'Payment Status', 1, 0, 0, 0, 0, 'center', 'input', 'Payment Status', 5, NULL, '');
INSERT INTO `common_grid_column_template` (`grid_id`, `field`, `header`, `column_show`, `is_sortable`, `is_re_orderable`, `is_re_sizable`, `can_hide`, `align`, `search_type`, `placeholder`, `column_order`, `drop_down_id`, `drop_down_url`) VALUES (35, 'txn.paymentType', 'Payment Type', 1, 0, 0, 0, 0, 'left', 'input', 'Payment Type', 6, NULL, '');
INSERT INTO `common_grid_column_template` (`grid_id`, `field`, `header`, `column_show`, `is_sortable`, `is_re_orderable`, `is_re_sizable`, `can_hide`, `align`, `search_type`, `placeholder`, `column_order`, `drop_down_id`, `drop_down_url`) VALUES (36, 'expand', '', 1, 0, 0, 0, 0, 'center', 'expand', '', 1, NULL, '');
INSERT INTO `common_grid_column_template` (`grid_id`, `field`, `header`, `column_show`, `is_sortable`, `is_re_orderable`, `is_re_sizable`, `can_hide`, `align`, `search_type`, `placeholder`, `column_order`, `drop_down_id`, `drop_down_url`) VALUES (36, 'action', 'Action', 1, 0, 0, 0, 0, 'center', 'actionButton', '', 2, NULL, '');
INSERT INTO `common_grid_column_template` (`grid_id`, `field`, `header`, `column_show`, `is_sortable`, `is_re_orderable`, `is_re_sizable`, `can_hide`, `align`, `search_type`, `placeholder`, `column_order`, `drop_down_id`, `drop_down_url`) VALUES (36, 'batch.batchId', 'Batch Id', 1, 1, 1, 1, 1, 'left', 'input', 'Batch Id', 3, NULL, '');
INSERT INTO `common_grid_column_template` (`grid_id`, `field`, `header`, `column_show`, `is_sortable`, `is_re_orderable`, `is_re_sizable`, `can_hide`, `align`, `search_type`, `placeholder`, `column_order`, `drop_down_id`, `drop_down_url`) VALUES (36, 'batch.createdDate', 'Created Date', 1, 1, 1, 1, 1, 'center', 'date', 'Created Date', 4, NULL, '');
INSERT INTO `common_grid_column_template` (`grid_id`, `field`, `header`, `column_show`, `is_sortable`, `is_re_orderable`, `is_re_sizable`, `can_hide`, `align`, `search_type`, `placeholder`, `column_order`, `drop_down_id`, `drop_down_url`) VALUES (36, 'batch.amount', 'Amount', 1, 1, 1, 1, 1, 'right', 'numeric', 'Amount', 5, NULL, '');
INSERT INTO `common_grid_column_template` (`grid_id`, `field`, `header`, `column_show`, `is_sortable`, `is_re_orderable`, `is_re_sizable`, `can_hide`, `align`, `search_type`, `placeholder`, `column_order`, `drop_down_id`, `drop_down_url`) VALUES (36, 'batch.noOfVendors', 'No of Vendors', 1, 1, 1, 1, 1, 'right', 'numeric', 'No of Vendors', 6, NULL, '');
INSERT INTO `common_grid_column_template` (`grid_id`, `field`, `header`, `column_show`, `is_sortable`, `is_re_orderable`, `is_re_sizable`, `can_hide`, `align`, `search_type`, `placeholder`, `column_order`, `drop_down_id`, `drop_down_url`) VALUES (36, 'batch.noOfBills', 'No of Bills', 1, 1, 1, 1, 1, 'right', 'numeric', 'No of Bills', 7, NULL, '');
INSERT INTO `common_grid_column_template` (`grid_id`, `field`, `header`, `column_show`, `is_sortable`, `is_re_orderable`, `is_re_sizable`, `can_hide`, `align`, `search_type`, `placeholder`, `column_order`, `drop_down_id`, `drop_down_url`) VALUES (36, 'batch.timeToCancel', 'Time Remaining to Cancel', 1, 1, 1, 1, 1, 'center', 'time', 'Time Remaining to Cancel', 8, NULL, '');
INSERT INTO `common_grid_column_template` (`grid_id`, `field`, `header`, `column_show`, `is_sortable`, `is_re_orderable`, `is_re_sizable`, `can_hide`, `align`, `search_type`, `placeholder`, `column_order`, `drop_down_id`, `drop_down_url`) VALUES (36, 'batch.approvalStatus', 'Approval Status', 1, 1, 1, 1, 1, 'center', 'dropdown', 'Approval Status', 9, 21, '');
INSERT INTO `common_grid_column_template` (`grid_id`, `field`, `header`, `column_show`, `is_sortable`, `is_re_orderable`, `is_re_sizable`, `can_hide`, `align`, `search_type`, `placeholder`, `column_order`, `drop_down_id`, `drop_down_url`) VALUES (36, 'batch.paymentStatus', 'Payment Status', 1, 1, 1, 1, 1, 'center', 'dropdown', 'Payment Status', 10, 16, '');
INSERT INTO `common_grid_column_template` (`grid_id`, `field`, `header`, `column_show`, `is_sortable`, `is_re_orderable`, `is_re_sizable`, `can_hide`, `align`, `search_type`, `placeholder`, `column_order`, `drop_down_id`, `drop_down_url`) VALUES (36, 'batch.paymentProvider', 'Payment Provider', 1, 1, 1, 1, 1, 'center', 'input', 'Payment Provider', 11, NULL, '');
INSERT INTO `common_grid_column_template` (`grid_id`, `field`, `header`, `column_show`, `is_sortable`, `is_re_orderable`, `is_re_sizable`, `can_hide`, `align`, `search_type`, `placeholder`, `column_order`, `drop_down_id`, `drop_down_url`) VALUES (36, 'batch.createdBy', 'Created By', 1, 1, 1, 1, 1, 'left', 'input', 'Created By', 12, NULL, '');
INSERT INTO `common_grid_column_template` (`grid_id`, `field`, `header`, `column_show`, `is_sortable`, `is_re_orderable`, `is_re_sizable`, `can_hide`, `align`, `search_type`, `placeholder`, `column_order`, `drop_down_id`, `drop_down_url`) VALUES (36, 'batch.approvedBy', 'Approved By', 1, 1, 1, 1, 1, 'left', 'input', 'Approved By', 13, NULL, '');
INSERT INTO `common_grid_column_template` (`grid_id`, `field`, `header`, `column_show`, `is_sortable`, `is_re_orderable`, `is_re_sizable`, `can_hide`, `align`, `search_type`, `placeholder`, `column_order`, `drop_down_id`, `drop_down_url`) VALUES (36, 'batch.approvedDate', 'Approved Date', 1, 1, 1, 1, 1, 'center', 'date', 'Approved Date', 14, NULL, '');
INSERT INTO `common_grid_column_template` (`grid_id`, `field`, `header`, `column_show`, `is_sortable`, `is_re_orderable`, `is_re_sizable`, `can_hide`, `align`, `search_type`, `placeholder`, `column_order`, `drop_down_id`, `drop_down_url`) VALUES (36, 'batch.processedDate', 'Processed Date', 1, 1, 1, 1, 1, 'center', 'date', 'Processed Date', 15, NULL, '');
INSERT INTO `common_grid_column_template` (`grid_id`, `field`, `header`, `column_show`, `is_sortable`, `is_re_orderable`, `is_re_sizable`, `can_hide`, `align`, `search_type`, `placeholder`, `column_order`, `drop_down_id`, `drop_down_url`) VALUES (37, 'txn.txnId', 'Transaction Id', 1, 0, 0, 0, 0, 'left', 'input', 'Transaction Id', 1, NULL, '');
INSERT INTO `common_grid_column_template` (`grid_id`, `field`, `header`, `column_show`, `is_sortable`, `is_re_orderable`, `is_re_sizable`, `can_hide`, `align`, `search_type`, `placeholder`, `column_order`, `drop_down_id`, `drop_down_url`) VALUES (37, 'txn.billNo', 'Bill No', 1, 0, 0, 0, 0, 'left', 'input', 'Bill No', 2, NULL, '');
INSERT INTO `common_grid_column_template` (`grid_id`, `field`, `header`, `column_show`, `is_sortable`, `is_re_orderable`, `is_re_sizable`, `can_hide`, `align`, `search_type`, `placeholder`, `column_order`, `drop_down_id`, `drop_down_url`) VALUES (37, 'txn.vendor', 'Vendor', 1, 0, 0, 0, 0, 'left', 'input', 'Vendor', 3, NULL, '');
INSERT INTO `common_grid_column_template` (`grid_id`, `field`, `header`, `column_show`, `is_sortable`, `is_re_orderable`, `is_re_sizable`, `can_hide`, `align`, `search_type`, `placeholder`, `column_order`, `drop_down_id`, `drop_down_url`) VALUES (37, 'txn.paidAmount', 'Paid Amount', 1, 0, 0, 0, 0, 'right', 'numeric', 'Paid Amount', 4, NULL, '');
INSERT INTO `common_grid_column_template` (`grid_id`, `field`, `header`, `column_show`, `is_sortable`, `is_re_orderable`, `is_re_sizable`, `can_hide`, `align`, `search_type`, `placeholder`, `column_order`, `drop_down_id`, `drop_down_url`) VALUES (37, 'txn.txnDate', 'Transaction Date', 1, 0, 0, 0, 0, 'center', 'date', 'Transaction Date', 5, NULL, '');
INSERT INTO `common_grid_column_template` (`grid_id`, `field`, `header`, `column_show`, `is_sortable`, `is_re_orderable`, `is_re_sizable`, `can_hide`, `align`, `search_type`, `placeholder`, `column_order`, `drop_down_id`, `drop_down_url`) VALUES (37, 'txn.paymentDate', 'Payment Date', 1, 0, 0, 0, 0, 'center', 'date', 'Payment Date', 6, NULL, '');
INSERT INTO `common_grid_column_template` (`grid_id`, `field`, `header`, `column_show`, `is_sortable`, `is_re_orderable`, `is_re_sizable`, `can_hide`, `align`, `search_type`, `placeholder`, `column_order`, `drop_down_id`, `drop_down_url`) VALUES (37, 'txn.status', 'Status', 1, 0, 0, 0, 0, 'center', 'input', 'Status', 7, NULL, '');
INSERT INTO `common_grid_column_template` (`grid_id`, `field`, `header`, `column_show`, `is_sortable`, `is_re_orderable`, `is_re_sizable`, `can_hide`, `align`, `search_type`, `placeholder`, `column_order`, `drop_down_id`, `drop_down_url`) VALUES (37, 'txn.paymentType', 'Transaction Type', 1, 0, 0, 0, 0, 'center', 'input', 'Transaction Type', 8, NULL, '');
INSERT INTO `common_grid_column_template` (`grid_id`, `field`, `header`, `column_show`, `is_sortable`, `is_re_orderable`, `is_re_sizable`, `can_hide`, `align`, `search_type`, `placeholder`, `column_order`, `drop_down_id`, `drop_down_url`) VALUES (37, 'txn.reason', 'Reason (If Faild)', 1, 0, 0, 0, 0, 'left', 'input', 'Reason (If Faild)', 9, NULL, '');
INSERT INTO `common_grid_column_template` (`grid_id`, `field`, `header`, `column_show`, `is_sortable`, `is_re_orderable`, `is_re_sizable`, `can_hide`, `align`, `search_type`, `placeholder`, `column_order`, `drop_down_id`, `drop_down_url`) VALUES (38, 'action', 'Action', 1, 0, 0, 0, 0, 'center', 'actionButton', '', 2, NULL, '');
INSERT INTO `common_grid_column_template` (`grid_id`, `field`, `header`, `column_show`, `is_sortable`, `is_re_orderable`, `is_re_sizable`, `can_hide`, `align`, `search_type`, `placeholder`, `column_order`, `drop_down_id`, `drop_down_url`) VALUES (38, 'vendor.id', 'Vendor', 1, 1, 1, 1, 1, 'left', 'multiSelect', 'Vendor', 3, NULL, '');
INSERT INTO `common_grid_column_template` (`grid_id`, `field`, `header`, `column_show`, `is_sortable`, `is_re_orderable`, `is_re_sizable`, `can_hide`, `align`, `search_type`, `placeholder`, `column_order`, `drop_down_id`, `drop_down_url`) VALUES (38, 'venpay.noOfBills', 'No Of Bills', 1, 1, 1, 1, 1, 'right', 'numeric', 'No Of Bills', 4, NULL, '');
INSERT INTO `common_grid_column_template` (`grid_id`, `field`, `header`, `column_show`, `is_sortable`, `is_re_orderable`, `is_re_sizable`, `can_hide`, `align`, `search_type`, `placeholder`, `column_order`, `drop_down_id`, `drop_down_url`) VALUES (38, 'venpay.paidAmount', 'Paid Amount', 1, 1, 1, 1, 1, 'right', 'numeric', 'Paid Amount', 5, NULL, '');
INSERT INTO `common_grid_column_template` (`grid_id`, `field`, `header`, `column_show`, `is_sortable`, `is_re_orderable`, `is_re_sizable`, `can_hide`, `align`, `search_type`, `placeholder`, `column_order`, `drop_down_id`, `drop_down_url`) VALUES (38, 'venpay.dueAmount', 'Due Amount', 1, 1, 1, 1, 1, 'right', 'numeric', 'Due Amount', 6, NULL, '');
INSERT INTO `common_grid_column_template` (`grid_id`, `field`, `header`, `column_show`, `is_sortable`, `is_re_orderable`, `is_re_sizable`, `can_hide`, `align`, `search_type`, `placeholder`, `column_order`, `drop_down_id`, `drop_down_url`) VALUES (38, 'venpay.totalDiscount', 'Total Discount', 1, 1, 1, 1, 1, 'right', 'numeric', 'Total Discount', 7, NULL, '');
INSERT INTO `common_grid_column_template` (`grid_id`, `field`, `header`, `column_show`, `is_sortable`, `is_re_orderable`, `is_re_sizable`, `can_hide`, `align`, `search_type`, `placeholder`, `column_order`, `drop_down_id`, `drop_down_url`) VALUES (38, 'venpay.latestPaymentAmount', 'Latest Payment Amount', 1, 1, 1, 1, 1, 'right', 'numeric', 'Latest Payment Amount', 8, NULL, '');
INSERT INTO `common_grid_column_template` (`grid_id`, `field`, `header`, `column_show`, `is_sortable`, `is_re_orderable`, `is_re_sizable`, `can_hide`, `align`, `search_type`, `placeholder`, `column_order`, `drop_down_id`, `drop_down_url`) VALUES (38, 'venpay.latestPaymentDate', 'Latest Payment Date', 1, 1, 1, 1, 1, 'center', 'date', 'Latest Payment Date', 9, NULL, '');
INSERT INTO `common_grid_column_template` (`grid_id`, `field`, `header`, `column_show`, `is_sortable`, `is_re_orderable`, `is_re_sizable`, `can_hide`, `align`, `search_type`, `placeholder`, `column_order`, `drop_down_id`, `drop_down_url`) VALUES (38, 'expand', NULL, 1, 0, 0, 0, 0, 'center', 'expand', '', 1, NULL, '');
INSERT INTO `common_grid_column_template` (`grid_id`, `field`, `header`, `column_show`, `is_sortable`, `is_re_orderable`, `is_re_sizable`, `can_hide`, `align`, `search_type`, `placeholder`, `column_order`, `drop_down_id`, `drop_down_url`) VALUES (39, 'txn.batchId', 'Batch ID', 1, 0, 0, 0, 0, 'left', 'numeric', 'Batch ID', 1, NULL, '');
INSERT INTO `common_grid_column_template` (`grid_id`, `field`, `header`, `column_show`, `is_sortable`, `is_re_orderable`, `is_re_sizable`, `can_hide`, `align`, `search_type`, `placeholder`, `column_order`, `drop_down_id`, `drop_down_url`) VALUES (39, 'txn.paymentReferenceNo', 'Payment Reference No', 1, 0, 0, 0, 0, 'left', 'numeric', 'Payment Reference No', 2, NULL, '');
INSERT INTO `common_grid_column_template` (`grid_id`, `field`, `header`, `column_show`, `is_sortable`, `is_re_orderable`, `is_re_sizable`, `can_hide`, `align`, `search_type`, `placeholder`, `column_order`, `drop_down_id`, `drop_down_url`) VALUES (39, 'txn.paymentDate', 'Payment Date', 1, 0, 0, 0, 0, 'left', 'date', 'Payment Date', 3, NULL, '');
INSERT INTO `common_grid_column_template` (`grid_id`, `field`, `header`, `column_show`, `is_sortable`, `is_re_orderable`, `is_re_sizable`, `can_hide`, `align`, `search_type`, `placeholder`, `column_order`, `drop_down_id`, `drop_down_url`) VALUES (39, 'txn.paymentAmount', 'Payment Amount', 1, 0, 0, 0, 0, 'left', 'numeric', 'Payment Amount', 4, NULL, '');
INSERT INTO `common_grid_column_template` (`grid_id`, `field`, `header`, `column_show`, `is_sortable`, `is_re_orderable`, `is_re_sizable`, `can_hide`, `align`, `search_type`, `placeholder`, `column_order`, `drop_down_id`, `drop_down_url`) VALUES (39, 'txn.paymentType', 'Payment Type', 1, 0, 0, 0, 0, 'right', 'input', 'Payment Type', 5, NULL, '');
INSERT INTO `common_grid_column_template` (`grid_id`, `field`, `header`, `column_show`, `is_sortable`, `is_re_orderable`, `is_re_sizable`, `can_hide`, `align`, `search_type`, `placeholder`, `column_order`, `drop_down_id`, `drop_down_url`) VALUES (39, 'txn.status', 'Status', 1, 0, 0, 0, 0, 'center', 'input', 'Status', 6, NULL, '');







