
UPDATE `common_notification_subscription_event` SET `event`='A payment request submitted for your approver' WHERE  `id`=10;
UPDATE `common_notification_subscription_event` SET `event`='There are no users in an assigned approval group' WHERE  `id`=11;
INSERT INTO `common_notification_subscription_event` (`id`, `event`, `enable_notification`, `enable_email`, `status`, `subscription_type_id`) VALUES (20, 'A payment request you submitted is approved', 1, 1, 'A', 5);
INSERT INTO `common_notification_subscription_event` (`id`, `event`, `enable_notification`, `enable_email`, `status`, `subscription_type_id`) VALUES (21, 'A payment request you submitted is rejected', 1, 1, 'A', 5);
INSERT INTO `common_notification_subscription_event` (`id`, `event`, `enable_notification`, `enable_email`, `status`, `subscription_type_id`) VALUES (22, 'There are no users in an assigned approval group', 1, 1, 'A', 5);
INSERT INTO `common_notification_subscription_event` (`id`, `event`, `enable_notification`, `enable_email`, `status`, `subscription_type_id`) VALUES (23, 'When payment successfully completed', 1, 1, 'A', 5);
INSERT INTO `common_notification_subscription_event` (`id`, `event`, `enable_notification`, `enable_email`, `status`, `subscription_type_id`) VALUES (24, 'When payment failed', 1, 1, 'A', 5);


INSERT INTO `common_notification_email_template` (`id`, `template_name`, `subject`, `template_data`, `event_id`, `status`, `created_by`, `created_on`, `update_by`, `update_on`, `delete_by`, `delete_on`) VALUES (23, 'PAYMENT_REQUEST_SUBMITTED_TO_DIRECT_APPROVER', 'Payment request has submitted for your approval', '<html>     <head>         <meta charset="UTF-8">         <meta name="viewport" content="width=device-width, initial-scale=1.0">     </head>     <body>         <table style="color: #207580;">             <tr>                 <td style="font-weight: bold">Dear <span id="EMAIL_SEND_TO">name of assigned approver</span>,</td>             </tr>             <tr> <td></td> </tr>             <tr><td></td></tr>             <tr><td></td></tr>             <tr><td></td></tr>             <tr><td></td></tr>             <tr style="margin-left: 250px">                 <td><ul></ul><ul></ul> A payment request has been submitted by <span id="SUBMITTED_BY" > Name of Submitted Person </span> for your approval. </td>             </tr> 			<tr><td></td></tr> 			<tr><td></td></tr> 			<td>Please log in to <a id="URL" href="">PaperTrl</a> <span id="ACCOUNT_NAME"></span> to Approve or Reject the payment request.</td>             <tr><td></td></tr>             <tr><td></td></tr>             <tr><td></td></tr>             <tr>                 <td>If you have any comments or questions, please do not hesitate to contact us at <span style="font-weight: bold"><a href="mailto:support@papertrl.com">support@papertrl.com.</a></span></td>             </tr>             <tr><td></td></tr>             <tr><td></td></tr>             <tr><td></td></tr>             <tr><td></td></tr>             <tr><td></td></tr>             <tr><td></td></tr>             <tr style="margin-top: 65px">                 <td>                     <span style="font-weight: bold"><ul></ul><ul></ul><ul></ul><ul></ul>Thank You!</span>                 </td>             </tr>             <tr>                 <td>                     <img style="width: 170px;height: 45px;" src="https://papertrl.com/wp-content/uploads/2019/09/logo.png"/>                 </td>             </tr>             <tr>                 <td>This email is an automated notification, Replies to this message will not be read or responded to. We\'re happy to help you with any questions or concerns you may have. Please contact us directly 24/7 via <span style="font-weight: bold">support@papertrl.com</span>                     <p class="MsoNormal"><span style="font-size:8.0pt;color:#207580">CONFIDENTIALITY NOTICE: This e-mail transmission, and any attachments, is intended only for the use of PaperTrl Inc. or recipient named above and may contain information that                             is confidential, privileged and exempt from disclosure under applicable law. If you are not the intended recipient or authorized to receive this message for the recipient, you must not use, copy, disclose or take any action based on this message or any information                             herein. If you have received this message in error, please advise the sender immediately.</span><span style="font-size:8.0pt;color:#014708"></span></p>                     <p><span style="font-size:18.0pt;font-family:Webdings;color:green">P</span><span style="color:black">                         </span><span style="font-size:10.0pt;font-family:&quot;Helvetica&quot;,sans-serif;color:green">Be Environmentally Responsible. Please don\'t print this e-mail unless you really need to.</span><u></u><u></u></p>                 </td>             </tr>         </table>     </body> </html>', 10, 'A', 'admin', '2021-09-22', NULL, NULL, NULL, NULL);
INSERT INTO `common_notification_email_template` (`id`, `template_name`, `subject`, `template_data`, `event_id`, `status`, `created_by`, `created_on`, `update_by`, `update_on`, `delete_by`, `delete_on`) VALUES (24, 'PAYMENT_REQUEST_SUBMITTED_TO_APPROVAL_GROUP', 'Payment request has submitted for your approval group', '<html>     <head>         <meta charset="UTF-8">         <meta name="viewport" content="width=device-width, initial-scale=1.0">     </head>     <body>         <table style="color: #207580;">             <tr>                 <td style="font-weight: bold">Dear <span id="EMAIL_SEND_TO">name of assigned approver</span>,</td>             </tr>             <tr> <td></td> </tr>             <tr><td></td></tr>             <tr><td></td></tr>             <tr><td></td></tr>             <tr><td></td></tr>             <tr style="margin-left: 250px">                 <td><ul></ul><ul></ul>A payment request has been submitted by <span id="SUBMITTED_BY" > Name of Submitted Person </span> for the approval of <span id="APPROVAL_GROUP">Name of the Approval Group</span> approval group. </td>             </tr> 			<tr><td></td></tr> 			<tr><td></td></tr> 			<td>Please log in to <a id="URL" href="">PaperTrl</a> <span id="ACCOUNT_NAME"></span> to Approve or Reject the payment request.</td>             <tr><td></td></tr>             <tr><td></td></tr>             <tr><td></td></tr>             <tr>                 <td>If you have any comments or questions, please do not hesitate to contact us at <span style="font-weight: bold"><a href="mailto:support@papertrl.com">support@papertrl.com.</a></span></td>             </tr>             <tr><td></td></tr>             <tr><td></td></tr>             <tr><td></td></tr>             <tr><td></td></tr>             <tr><td></td></tr>             <tr><td></td></tr>             <tr style="margin-top: 65px">                 <td>                     <span style="font-weight: bold"><ul></ul><ul></ul><ul></ul><ul></ul>Thank You!</span>                 </td>             </tr>             <tr>                 <td>                     <img style="width: 170px;height: 45px;" src="https://papertrl.com/wp-content/uploads/2019/09/logo.png"/>                 </td>             </tr>             <tr>                 <td>This email is an automated notification, Replies to this message will not be read or responded to. We\'re happy to help you with any questions or concerns you may have. Please contact us directly 24/7 via <span style="font-weight: bold">support@papertrl.com</span>                     <p class="MsoNormal"><span style="font-size:8.0pt;color:#207580">CONFIDENTIALITY NOTICE: This e-mail transmission, and any attachments, is intended only for the use of PaperTrl Inc. or recipient named above and may contain information that                             is confidential, privileged and exempt from disclosure under applicable law. If you are not the intended recipient or authorized to receive this message for the recipient, you must not use, copy, disclose or take any action based on this message or any information                             herein. If you have received this message in error, please advise the sender immediately.</span><span style="font-size:8.0pt;color:#014708"></span></p>                     <p><span style="font-size:18.0pt;font-family:Webdings;color:green">P</span><span style="color:black">                         </span><span style="font-size:10.0pt;font-family:&quot;Helvetica&quot;,sans-serif;color:green">Be Environmentally Responsible. Please don\'t print this e-mail unless you really need to.</span><u></u><u></u></p>                 </td>             </tr>         </table>     </body> </html>', 11, 'A', 'admin', '2021-09-22', NULL, NULL, NULL, NULL);
INSERT INTO `common_notification_email_template` (`id`, `template_name`, `subject`, `template_data`, `event_id`, `status`, `created_by`, `created_on`, `update_by`, `update_on`, `delete_by`, `delete_on`) VALUES (25, 'PAYMENT_REQUEST_APPROVED', 'Payment request has approved', '<html>     <head>         <meta charset="UTF-8">         <meta name="viewport" content="width=device-width, initial-scale=1.0">     </head>     <body>         <table style="color: #207580;">             <tr>                 <td style="font-weight: bold">Dear <span id="EMAIL_SEND_TO">name of the submitted person</span>,</td>             </tr>             <tr> <td></td> </tr>             <tr><td></td></tr>             <tr><td></td></tr>             <tr><td></td></tr>             <tr><td></td></tr>             <tr style="margin-left: 250px">                 <td><ul></ul><ul></ul>A payment request that you have submitted has been approved by <span id="APPROVER_NAME" > Assigned approver </span>. </td>             </tr> 			 			<tr><td></td></tr> 			<tr><td></td></tr> 			<td>Please log in to <a id="URL" href="">PaperTrl</a> <span id="ACCOUNT_NAME"></span> to see more details.</td>             <tr><td></td></tr>             <tr><td></td></tr>             <tr><td></td></tr> 			 			<tr><td></td></tr> 			<tr><td></td></tr> 			<td> <span style="color:#fc6d26"> NOTICE : The system will automatically process further steps on your payment request. Kindly note that it can take up to 3 - 5 business days for the funds to get credited. </span>. </td>             <tr><td></td></tr>             <tr><td></td></tr>             <tr><td></td></tr> 			             <tr><td></td></tr>             <tr><td></td></tr>             <tr><td></td></tr>             <tr>                 <td>If you have any comments or questions, please do not hesitate to contact us at <span style="font-weight: bold"><a href="mailto:support@papertrl.com">support@papertrl.com.</a></span></td>             </tr>             <tr><td></td></tr>             <tr><td></td></tr>             <tr><td></td></tr>             <tr><td></td></tr>             <tr><td></td></tr>             <tr><td></td></tr>             <tr style="margin-top: 65px">                 <td>                     <span style="font-weight: bold"><ul></ul><ul></ul><ul></ul><ul></ul>Thank You!</span>                 </td>             </tr>             <tr>                 <td>                     <img style="width: 170px;height: 45px;" src="https://papertrl.com/wp-content/uploads/2019/09/logo.png"/>                 </td>             </tr>             <tr>                 <td>This email is an automated notification, Replies to this message will not be read or responded to. We\'re happy to help you with any questions or concerns you may have. Please contact us directly 24/7 via <span style="font-weight: bold">support@papertrl.com</span>                     <p class="MsoNormal"><span style="font-size:8.0pt;color:#207580">CONFIDENTIALITY NOTICE: This e-mail transmission, and any attachments, is intended only for the use of PaperTrl Inc. or recipient named above and may contain information that                             is confidential, privileged and exempt from disclosure under applicable law. If you are not the intended recipient or authorized to receive this message for the recipient, you must not use, copy, disclose or take any action based on this message or any information                             herein. If you have received this message in error, please advise the sender immediately.</span><span style="font-size:8.0pt;color:#014708"></span></p>                     <p><span style="font-size:18.0pt;font-family:Webdings;color:green">P</span><span style="color:black">                         </span><span style="font-size:10.0pt;font-family:&quot;Helvetica&quot;,sans-serif;color:green">Be Environmentally Responsible. Please don\'t print this e-mail unless you really need to.</span><u></u><u></u></p>                 </td>             </tr>         </table>     </body> </html>', 20, 'A', 'admin', '2021-09-22', NULL, NULL, NULL, NULL);
INSERT INTO `common_notification_email_template` (`id`, `template_name`, `subject`, `template_data`, `event_id`, `status`, `created_by`, `created_on`, `update_by`, `update_on`, `delete_by`, `delete_on`) VALUES (26, 'PAYMENT_REQUEST_REJECTED', 'Payment request has rejected', '<html>     <head>         <meta charset="UTF-8">         <meta name="viewport" content="width=device-width, initial-scale=1.0">     </head>     <body>         <table style="color: #207580;">             <tr>                 <td style="font-weight: bold">Dear <span id="EMAIL_SEND_TO">name of submitted person</span>,</td>             </tr>             <tr> <td></td> </tr>             <tr><td></td></tr>             <tr><td></td></tr>             <tr><td></td></tr>             <tr><td></td></tr>             <tr style="margin-left: 250px"> 				<td><ul></ul><ul></ul>A payment request that you have submitted has been rejected by <span id="APPROVER_NAME" > Assigned approver </span> due to <span style="color:red" id="REASON"> Reject Reason </span>. </td>             </tr> 			<tr><td></td></tr> 			<tr><td></td></tr> 			<td>Please log in to <a id="URL" href="">PaperTrl</a> <span id="ACCOUNT_NAME"></span> to see more details.</td>             <tr><td></td></tr>             <tr><td></td></tr>             <tr><td></td></tr> 			             <tr><td></td></tr>             <tr><td></td></tr>             <tr><td></td></tr>             <tr>                 <td>If you have any comments or questions, please do not hesitate to contact us at <span style="font-weight: bold"><a href="mailto:support@papertrl.com">support@papertrl.com.</a></span></td>             </tr>             <tr><td></td></tr>             <tr><td></td></tr>             <tr><td></td></tr>             <tr><td></td></tr>             <tr><td></td></tr>             <tr><td></td></tr>             <tr style="margin-top: 65px">                 <td>                     <span style="font-weight: bold"><ul></ul><ul></ul><ul></ul><ul></ul>Thank You!</span>                 </td>             </tr>             <tr>                 <td>                     <img style="width: 170px;height: 45px;" src="https://papertrl.com/wp-content/uploads/2019/09/logo.png"/>                 </td>             </tr>             <tr>                 <td>This email is an automated notification, Replies to this message will not be read or responded to. We\'re happy to help you with any questions or concerns you may have. Please contact us directly 24/7 via <span style="font-weight: bold">support@papertrl.com</span>                     <p class="MsoNormal"><span style="font-size:8.0pt;color:#207580">CONFIDENTIALITY NOTICE: This e-mail transmission, and any attachments, is intended only for the use of PaperTrl Inc. or recipient named above and may contain information that                             is confidential, privileged and exempt from disclosure under applicable law. If you are not the intended recipient or authorized to receive this message for the recipient, you must not use, copy, disclose or take any action based on this message or any information                             herein. If you have received this message in error, please advise the sender immediately.</span><span style="font-size:8.0pt;color:#014708"></span></p>                     <p><span style="font-size:18.0pt;font-family:Webdings;color:green">P</span><span style="color:black">                         </span><span style="font-size:10.0pt;font-family:&quot;Helvetica&quot;,sans-serif;color:green">Be Environmentally Responsible. Please don\'t print this e-mail unless you really need to.</span><u></u><u></u></p>                 </td>             </tr>         </table>     </body> </html>', 21, 'A', 'admin', '2021-09-22', NULL, NULL, NULL, NULL);
INSERT INTO `common_notification_email_template` (`id`, `template_name`, `subject`, `template_data`, `event_id`, `status`, `created_by`, `created_on`, `update_by`, `update_on`, `delete_by`, `delete_on`) VALUES (27, 'PAYMENT_REQUEST_ASSIGNEE_LIST_EMPLTY', 'No user found in the approval group to approval', '<html>     <head>         <meta charset="UTF-8">         <meta name="viewport" content="width=device-width, initial-scale=1.0">     </head>     <body>         <table style="color: #207580;">             <tr>                 <td style="font-weight: bold">Dear <span id="EMAIL_SEND_TO">name of admin users</span>,</td>             </tr>             <tr> <td></td> </tr>             <tr><td></td></tr>             <tr><td></td></tr>             <tr><td></td></tr>             <tr><td></td></tr>             <tr style="margin-left: 250px">                 <td><ul></ul><ul></ul>A payment request has been submitted by </span> has been submitted by <span id="CREATED_BY">created by</span> for the approval of <span id="APPROVAL_GROUP">Project Manager</span> approval group, But there is no user found in this approval group. </td>             </tr>             <tr><td></td></tr>             <tr><td></td></tr>             <tr><td></td></tr>             <tr>                 <td>If you have any comments or questions, please do not hesitate to contact us at <span style="font-weight: bold"><a href="mailto:support@papertrl.com">support@papertrl.com.</a></span></td>             </tr>             <tr><td></td></tr>             <tr><td></td></tr>             <tr><td></td></tr>             <tr><td></td></tr>             <tr><td></td></tr>             <tr><td></td></tr>             <tr style="margin-top: 65px">                 <td>                     <span style="font-weight: bold"><ul></ul><ul></ul><ul></ul><ul></ul>Thank You!</span>                 </td>             </tr>             <tr>                 <td>                     <img style="width: 170px;height: 45px;" src="https://papertrl.com/wp-content/uploads/2019/09/logo.png"/>                 </td>             </tr>             <tr>                 <td>This email is an automated notification, Replies to this message will not be read or responded to. We\'re happy to help you with any questions or concerns you may have. Please contact us directly 24/7 via <span style="font-weight: bold">support@papertrl.com</span>                     <p class="MsoNormal"><span style="font-size:8.0pt;color:#207580">CONFIDENTIALITY NOTICE: This e-mail transmission, and any attachments, is intended only for the use of PaperTrl Inc. or recipient named above and may contain information that                             is confidential, privileged and exempt from disclosure under applicable law. If you are not the intended recipient or authorized to receive this message for the recipient, you must not use, copy, disclose or take any action based on this message or any information                             herein. If you have received this message in error, please advise the sender immediately.</span><span style="font-size:8.0pt;color:#014708"></span></p>                     <p><span style="font-size:18.0pt;font-family:Webdings;color:green">P</span><span style="color:black">                         </span><span style="font-size:10.0pt;font-family:&quot;Helvetica&quot;,sans-serif;color:green">Be Environmentally Responsible. Please don\'t print this e-mail unless you really need to.</span><u></u><u></u></p>                 </td>             </tr>         </table>     </body> </html>', 22, 'A', 'admin', '2021-09-22', NULL, NULL, NULL, NULL);
INSERT INTO `common_notification_email_template` (`id`, `template_name`, `subject`, `template_data`, `event_id`, `status`, `created_by`, `created_on`, `update_by`, `update_on`, `delete_by`, `delete_on`) VALUES (28, 'PAYMENT_SUCCESSFULLY_COMPLETED', 'Payment successfully completed', '<html>     <head>         <meta charset="UTF-8">         <meta name="viewport" content="width=device-width, initial-scale=1.0">     </head>     <body>         <table style="color: #207580;">             <tr>                 <td style="font-weight: bold">Dear <span id="EMAIL_SEND_TO">name of the submitted person</span>,</td>             </tr>             <tr> <td></td> </tr>             <tr><td></td></tr>             <tr><td></td></tr>             <tr><td></td></tr>             <tr><td></td></tr>             <tr style="margin-left: 250px">                 <td><ul></ul><ul></ul>Payment (<span id="PAY_REF">Payment Reference</span>) of Bill (<span id="BILL_NUMBER">Bill Number</span>) has been successfully completed. </td>             </tr> 			 			<tr><td></td></tr> 			<tr><td></td></tr> 			<td>Please log in to <a id="URL" href="">PaperTrl</a> <span id="ACCOUNT_NAME"></span> to see more details.</td>             <tr><td></td></tr>             <tr><td></td></tr>             <tr><td></td></tr> 			 		             <tr><td></td></tr>             <tr><td></td></tr>             <tr><td></td></tr>             <tr>                 <td>If you have any comments or questions, please do not hesitate to contact us at <span style="font-weight: bold"><a href="mailto:support@papertrl.com">support@papertrl.com.</a></span></td>             </tr>             <tr><td></td></tr>             <tr><td></td></tr>             <tr><td></td></tr>             <tr><td></td></tr>             <tr><td></td></tr>             <tr><td></td></tr>             <tr style="margin-top: 65px">                 <td>                     <span style="font-weight: bold"><ul></ul><ul></ul><ul></ul><ul></ul>Thank You!</span>                 </td>             </tr>             <tr>                 <td>                     <img style="width: 170px;height: 45px;" src="https://papertrl.com/wp-content/uploads/2019/09/logo.png"/>                 </td>             </tr>             <tr>                 <td>This email is an automated notification, Replies to this message will not be read or responded to. We\'re happy to help you with any questions or concerns you may have. Please contact us directly 24/7 via <span style="font-weight: bold">support@papertrl.com</span>                     <p class="MsoNormal"><span style="font-size:8.0pt;color:#207580">CONFIDENTIALITY NOTICE: This e-mail transmission, and any attachments, is intended only for the use of PaperTrl Inc. or recipient named above and may contain information that                             is confidential, privileged and exempt from disclosure under applicable law. If you are not the intended recipient or authorized to receive this message for the recipient, you must not use, copy, disclose or take any action based on this message or any information                             herein. If you have received this message in error, please advise the sender immediately.</span><span style="font-size:8.0pt;color:#014708"></span></p>                     <p><span style="font-size:18.0pt;font-family:Webdings;color:green">P</span><span style="color:black">                         </span><span style="font-size:10.0pt;font-family:&quot;Helvetica&quot;,sans-serif;color:green">Be Environmentally Responsible. Please don\'t print this e-mail unless you really need to.</span><u></u><u></u></p>                 </td>             </tr>         </table>     </body> </html>', 23, 'A', 'admin', '2021-09-23', NULL, NULL, NULL, NULL);
INSERT INTO `common_notification_email_template` (`id`, `template_name`, `subject`, `template_data`, `event_id`, `status`, `created_by`, `created_on`, `update_by`, `update_on`, `delete_by`, `delete_on`) VALUES (29, 'PAYMENT_FAILED', 'Payment failed', '<html>     <head>         <meta charset="UTF-8">         <meta name="viewport" content="width=device-width, initial-scale=1.0">     </head>     <body>         <table style="color: #207580;">             <tr>                 <td style="font-weight: bold">Dear <span id="EMAIL_SEND_TO">name of the submitted person</span>,</td>             </tr>             <tr> <td></td> </tr>             <tr><td></td></tr>             <tr><td></td></tr>             <tr><td></td></tr>             <tr><td></td></tr>             <tr style="margin-left: 250px">                 <td><ul></ul><ul></ul>Payment (<span id="PAY_REF"> Payment Reference </span>) of Bill (<span id="BILL_NUMBER"> Bill Number </span>) has been failed.</td>             </tr> 			 			<tr><td></td></tr> 			<tr><td></td></tr> 			<td>Please log in to <a id="URL" href="">PaperTrl</a> <span id="ACCOUNT_NAME"></span> to see more details.</td>             <tr><td></td></tr>             <tr><td></td></tr>             <tr><td></td></tr> 			 		             <tr><td></td></tr>             <tr><td></td></tr>             <tr><td></td></tr>             <tr>                 <td>If you have any comments or questions, please do not hesitate to contact us at <span style="font-weight: bold"><a href="mailto:support@papertrl.com">support@papertrl.com.</a></span></td>             </tr>             <tr><td></td></tr>             <tr><td></td></tr>             <tr><td></td></tr>             <tr><td></td></tr>             <tr><td></td></tr>             <tr><td></td></tr>             <tr style="margin-top: 65px">                 <td>                     <span style="font-weight: bold"><ul></ul><ul></ul><ul></ul><ul></ul>Thank You!</span>                 </td>             </tr>             <tr>                 <td>                     <img style="width: 170px;height: 45px;" src="https://papertrl.com/wp-content/uploads/2019/09/logo.png"/>                 </td>             </tr>             <tr>                 <td>This email is an automated notification, Replies to this message will not be read or responded to. We\'re happy to help you with any questions or concerns you may have. Please contact us directly 24/7 via <span style="font-weight: bold">support@papertrl.com</span>                     <p class="MsoNormal"><span style="font-size:8.0pt;color:#207580">CONFIDENTIALITY NOTICE: This e-mail transmission, and any attachments, is intended only for the use of PaperTrl Inc. or recipient named above and may contain information that                             is confidential, privileged and exempt from disclosure under applicable law. If you are not the intended recipient or authorized to receive this message for the recipient, you must not use, copy, disclose or take any action based on this message or any information                             herein. If you have received this message in error, please advise the sender immediately.</span><span style="font-size:8.0pt;color:#014708"></span></p>                     <p><span style="font-size:18.0pt;font-family:Webdings;color:green">P</span><span style="color:black">                         </span><span style="font-size:10.0pt;font-family:&quot;Helvetica&quot;,sans-serif;color:green">Be Environmentally Responsible. Please don\'t print this e-mail unless you really need to.</span><u></u><u></u></p>                 </td>             </tr>         </table>     </body> </html>', 24, 'A', 'admin', '2021-09-23', NULL, NULL, NULL, NULL);


INSERT INTO `common_notification_message` (`id`, `notification_type_name`, `notification_type_id`, `notification_message`, `clickable`, `event_id`) VALUES (17, 'Payment request', 5, 'has submitted for your approval', 1, 10);
INSERT INTO `common_notification_message` (`id`, `notification_type_name`, `notification_type_id`, `notification_message`, `clickable`, `event_id`) VALUES (18, 'Payment request', 5, 'has submitted for your approval group', 1, 11);
INSERT INTO `common_notification_message` (`id`, `notification_type_name`, `notification_type_id`, `notification_message`, `clickable`, `event_id`) VALUES (19, 'Payment request', 5, 'has approved', 1, 20);
INSERT INTO `common_notification_message` (`id`, `notification_type_name`, `notification_type_id`, `notification_message`, `clickable`, `event_id`) VALUES (20, 'Payment request', 5, 'has rejected', 1, 21);
INSERT INTO `common_notification_message` (`id`, `notification_type_name`, `notification_type_id`, `notification_message`, `clickable`, `event_id`) VALUES (21, 'Payment request', 5, 'has no users in an assigned approval group', 1, 22);
INSERT INTO `common_notification_message` (`id`, `notification_type_name`, `notification_type_id`, `notification_message`, `clickable`, `event_id`) VALUES (22, 'Payment', 5, 'has successfully completed', 1, 23);
INSERT INTO `common_notification_message` (`id`, `notification_type_name`, `notification_type_id`, `notification_message`, `clickable`, `event_id`) VALUES (23, 'Payment', 5, 'has payment failed', 1, 24);


INSERT INTO `common_notification_subscription_privilege` (`id`, `subscription_event_id`, `menu_privilege`) VALUES (31, 10, 402);
INSERT INTO `common_notification_subscription_privilege` (`id`, `subscription_event_id`, `menu_privilege`) VALUES (32, 10, 403);
INSERT INTO `common_notification_subscription_privilege` (`id`, `subscription_event_id`, `menu_privilege`) VALUES (33, 10, 404);
INSERT INTO `common_notification_subscription_privilege` (`id`, `subscription_event_id`, `menu_privilege`) VALUES (34, 10, 405);
INSERT INTO `common_notification_subscription_privilege` (`id`, `subscription_event_id`, `menu_privilege`) VALUES (35, 11, 402);
INSERT INTO `common_notification_subscription_privilege` (`id`, `subscription_event_id`, `menu_privilege`) VALUES (36, 11, 403);
INSERT INTO `common_notification_subscription_privilege` (`id`, `subscription_event_id`, `menu_privilege`) VALUES (37, 11, 404);
INSERT INTO `common_notification_subscription_privilege` (`id`, `subscription_event_id`, `menu_privilege`) VALUES (38, 11, 405);
INSERT INTO `common_notification_subscription_privilege` (`id`, `subscription_event_id`, `menu_privilege`) VALUES (39, 20, 402);
INSERT INTO `common_notification_subscription_privilege` (`id`, `subscription_event_id`, `menu_privilege`) VALUES (40, 20, 403);
INSERT INTO `common_notification_subscription_privilege` (`id`, `subscription_event_id`, `menu_privilege`) VALUES (41, 20, 404);
INSERT INTO `common_notification_subscription_privilege` (`id`, `subscription_event_id`, `menu_privilege`) VALUES (42, 20, 405);
INSERT INTO `common_notification_subscription_privilege` (`id`, `subscription_event_id`, `menu_privilege`) VALUES (43, 21, 402);
INSERT INTO `common_notification_subscription_privilege` (`id`, `subscription_event_id`, `menu_privilege`) VALUES (44, 21, 403);
INSERT INTO `common_notification_subscription_privilege` (`id`, `subscription_event_id`, `menu_privilege`) VALUES (45, 21, 404);
INSERT INTO `common_notification_subscription_privilege` (`id`, `subscription_event_id`, `menu_privilege`) VALUES (46, 21, 405);
INSERT INTO `common_notification_subscription_privilege` (`id`, `subscription_event_id`, `menu_privilege`) VALUES (47, 22, 402);
INSERT INTO `common_notification_subscription_privilege` (`id`, `subscription_event_id`, `menu_privilege`) VALUES (48, 22, 403);
INSERT INTO `common_notification_subscription_privilege` (`id`, `subscription_event_id`, `menu_privilege`) VALUES (49, 22, 404);
INSERT INTO `common_notification_subscription_privilege` (`id`, `subscription_event_id`, `menu_privilege`) VALUES (50, 22, 405);
INSERT INTO `common_notification_subscription_privilege` (`id`, `subscription_event_id`, `menu_privilege`) VALUES (51, 23, 402);
INSERT INTO `common_notification_subscription_privilege` (`id`, `subscription_event_id`, `menu_privilege`) VALUES (52, 23, 403);
INSERT INTO `common_notification_subscription_privilege` (`id`, `subscription_event_id`, `menu_privilege`) VALUES (53, 23, 404);
INSERT INTO `common_notification_subscription_privilege` (`id`, `subscription_event_id`, `menu_privilege`) VALUES (54, 23, 405);
INSERT INTO `common_notification_subscription_privilege` (`id`, `subscription_event_id`, `menu_privilege`) VALUES (55, 24, 402);
INSERT INTO `common_notification_subscription_privilege` (`id`, `subscription_event_id`, `menu_privilege`) VALUES (56, 24, 403);
INSERT INTO `common_notification_subscription_privilege` (`id`, `subscription_event_id`, `menu_privilege`) VALUES (57, 24, 404);
INSERT INTO `common_notification_subscription_privilege` (`id`, `subscription_event_id`, `menu_privilege`) VALUES (58, 24, 405);

